lon,lat,2026-08-26_0000,2026-08-26_0800,2026-08-26_1600,2026-08-27_0000,2026-08-27_0800,2026-08-27_1600,2026-08-28_0000,2026-08-28_0800,2026-08-28_1600,2026-08-29_0000,2026-08-29_0800,2026-08-29_1600,2026-08-30_0000,2026-08-30_0800,2026-08-30_1600,2026-08-31_0000,2026-08-31_0800,2026-08-31_1600,2026-09-01_0000,2026-09-01_0800,2026-09-01_1600,2026-09-02_0000,2026-09-02_0800,2026-09-02_1600,2026-09-03_0000,2026-09-03_0800,2026-09-03_1600,2026-09-04_0000,2026-09-04_0800,2026-09-04_1600,2026-09-05_0000,2026-09-05_0800,2026-09-05_1600,2026-09-06_0000,2026-09-06_0800,2026-09-06_1600
84.91333,27.771051,,,,,,,,,,-13.01,,,-28.65,,,-11.74,,,,,,,,25.58,,,,,,,,-11.41,,,,
84.91333,27.790491,-56.34,-65.0,-56.79,-63.49,-43.65,-43.32,-40.77,-26.96,-46.09,-30.04,-33.7,,-20.76,-26.87,-38.72,-31.59,-44.59,-31.44,-23.96,-43.24,-31.33,-24.37,-10.44,,,-10.83,,-10.88,,,,,,,-34.37,-13.65
84.91333,27.809927,-60.56,-70.44,-66.94,-63.91,-42.49,-38.29,-28.84,-39.04,-39.35,-33.28,-43.72,,-19.38,-28.82,-32.74,-46.78,-58.97,-32.31,-23.15,-38.8,-32.59,-39.26,-19.38,,-12.77,-20.79,,-20.87,-17.75,-10.76,,-14.69,,-10.74,-38.21,-19.15
84.91333,27.82936,-54.37,,-58.65,-61.32,-38.19,-32.84,-25.66,-30.97,-33.37,-24.83,-37.51,-14.24,,-24.52,-17.05,-40.99,,-23.13,-18.3,-21.0,-18.81,-12.6,,,-12.08,-12.79,,-21.88,-11.86,,,,,,-21.66,
84.91333,27.84879,,,,,,,-14.41,,,,,,-13.02,,,,,-11.99,,,-10.53,,,,,,,-11.93,,,-15.24,,,-14.73,,-16.49
84.91333,27.868216,15.66,,,,10.96,,,-11.6,,15.66,-10.9,,,,,,16.41,12.26,,10.99,,,,,,,,13.89,,,,-14.2,,,,
84.91333,27.887639,11.39,18.66,,,,,,,,,,,,,,,,,,,,,,,,,,,,,,,,,-10.29,
84.91333,27.907058,13.72,13.15,10.96,,,,,,10.16,,,,,,,,,,,,,,,,,,,,,,10.14,,,,,
84.91333,27.945886,12.39,,11.69,,,-11.43,,,,,,,,,10.88,,-11.39,,,,,,,,-10.95,-11.79,-13.08,,,,,-15.69,,,-10.18,
84.91333,27.965294,,,,,,,-13.18,,,,,,,,,,,,,,,,,,,,,,,,,,,-15.62,,
84.91333,27.9847,,,,,,,,,,,,,,,,-17.22,,,,,,,,,,,,,,,,,,,,
84.91333,28.004101,-15.8,,,,,-18.19,-29.77,,,,,-13.57,-16.48,,,-12.83,,-12.79,-13.19,,,,,,,,-10.32,-11.46,,,,,,-13.76,,
84.91333,28.0235,,,27.73,33.45,,,-12.19,,,,,,,,,,,14.11,-19.53,,,,,,,,,-12.51,,,,,,,,
84.91333,28.062286,-11.15,-13.72,,,,-27.12,-37.54,,-20.0,,-23.59,-37.43,-19.4,-19.16,,,12.29,-14.98,-23.26,,-26.85,,29.73,26.66,,10.03,,-10.36,-20.2,-16.11,,,,,-26.11,-19.89
84.91333,28.081673,,,,,,,,,,,,,,,,,,,,,,,,51.18,27.68,,,,,,,,,,,
84.935303,27.751607,,,,,,,,,,-11.18,,,,,,,,,,,,-16.98,,,,,-13.14,,,-16.85,,,,-15.71,,
84.935303,27.771051,,,,,,,,,,-30.35,-25.9,-28.01,,,-34.18,,-29.64,-45.0,-39.7,,-43.89,,-10.11,20.24,,,-10.99,,,,,-23.08,,,-23.08,
84.935303,27.790491,-64.5,,,,-57.57,-55.46,-50.16,-43.34,-54.52,-38.62,-43.23,-34.86,-19.08,-23.03,-18.27,-15.36,-30.82,-33.15,-17.52,-32.13,-20.68,-19.42,-24.8,,,-20.21,,,,-10.61,,-22.9,-11.85,,-29.64,-14.85
84.935303,27.809927,-58.03,-74.3,-76.3,-75.11,-44.97,-37.63,-26.16,-26.38,-31.47,-26.84,-43.99,-31.78,,,,-14.99,-32.64,-21.59,,-16.1,,-17.29,,,-10.72,-15.48,,-13.42,-12.4,-13.99,-11.58,-13.91,,,-22.18,
84.935303,27.82936,-62.09,,,,-49.13,-46.54,-36.94,-43.57,-33.58,-31.38,-49.4,-39.27,-15.38,-19.5,,-30.94,,-23.23,,-16.17,-11.37,-19.44,,,-13.04,,-10.29,-15.54,-12.05,-11.76,,-10.2,,,-16.71,
84.935303,27.84879,,,,,,,-17.83,,,,,,-11.04,,,-11.97,,,,,,,,,,,,,,,,,,,,
84.935303,27.868216,-13.33,,,,,-17.73,-18.61,,,-12.64,-14.86,,,,12.92,10.73,,,,,,,,,,,,,-11.6,,,-20.33,-15.32,,,
84.935303,27.887639,,,,,,,,,13.91,,,,,29.78,,,13.73,,,10.18,,,,,,,10.95,11.11,,,,,,,,
84.935303,27.907058,18.77,23.76,16.23,,,,10.84,11.59,12.68,,,,,,,,-13.38,,,,,,,,,,10.24,,,,,-12.1,,,-14.34,
84.935303,27.926474,11.52,,10.14,,,,15.48,,13.5,-11.14,-12.09,,,12.46,,,-20.23,,,-10.27,,,,,,,,10.79,-10.81,,,-16.05,,,,
84.935303,27.945886,,,28.42,,,,,,,,,36.8,,,,,,,,,,10.82,,,,,13.91,,,,,,32.74,,,
84.935303,27.965294,,,,,,,,,,,,,,,,,,,,,,,,,-12.26,,,,,,-15.58,,,-15.01,,
84.935303,28.042894,,,,,,,,,,,,,,,,-13.45,,,-13.1,,,,,,,,,,,,,,13.23,,,-12.82
84.935303,28.062286,,,,-22.64,,,-17.07,,,,,,,,,-19.06,,,,,,-14.63,,,-18.18,,11.94,,,,,,,,,
84.957275,27.771051,,,,,,,,,,,,-20.94,-28.47,,,,,,-12.25,,-16.97,,,15.15,,,,,,,,,,-10.82,,
84.957275,27.790491,-49.68,,-55.03,-52.57,-28.32,-35.89,-38.88,-28.68,-32.94,-21.17,,-36.42,-17.27,-19.35,-19.96,-16.1,-30.65,-31.79,-13.75,-26.07,-21.15,-17.9,-14.17,,-11.09,-16.98,,-12.29,-11.51,-11.61,,-12.57,,,-19.72,
84.957275,27.809927,-57.57,-63.09,-63.29,-63.92,-35.09,-47.38,-42.64,-39.99,-37.67,-34.91,-36.03,-43.11,-25.76,-20.87,-23.88,-24.63,-33.08,-35.35,-19.27,-34.3,-21.6,-23.68,-18.15,-18.43,-26.5,-19.87,-21.34,-26.51,-23.67,-20.17,-21.56,-22.21,-22.27,-17.12,-31.99,-12.61
84.957275,27.82936,-57.72,-56.09,,-57.43,-42.65,-44.35,-44.15,-39.8,-27.53,-32.91,-48.04,-42.13,-16.8,-10.48,,-22.57,-31.55,-20.45,,-21.67,-11.23,-13.17,,,-16.95,-13.01,,-17.45,-17.3,,,,-15.44,,-24.35,
84.957275,27.84879,,,,,,,,,,,,,,,-10.07,-24.35,,,,,,,,,-25.57,,,,,,,,,,,
84.957275,27.868216,,,,-13.83,,,,-11.88,19.49,-13.64,,,,21.15,30.66,23.56,,11.84,15.72,,12.6,25.33,,10.82,,,17.47,15.56,,11.38,12.4,-16.18,,,,
84.957275,27.887639,,,,,,,19.7,,13.49,,,,,11.67,,,,13.83,16.59,,,,,,,,,24.1,,,,,,,,
84.957275,27.907058,-14.16,,,,,,,,,,,,,,,,,,,,,,,,,,,,,,,,,,,
84.957275,27.926474,,,,,,,,,,,,,,,,,,,-12.62,,,,,,,,,28.74,,,,,,,,
84.957275,28.004101,-26.12,,,-16.7,,,,,,,,,-19.92,,-10.99,,,-14.88,-26.51,,,-10.47,-10.13,-13.84,,,-14.15,-20.63,,,-16.18,,,,,-15.81
84.957275,28.0235,,,,-10.22,,,,,,,,,-14.0,,,,,,-12.34,,,,,,-16.28,,,,,,,,,-11.81,,
84.957275,28.062286,,,,,,,,,,,,,,,,,,,,,,,,13.91,,,,,,,,,,-13.12,,
84.957275,28.081673,,,,,,,,,,,,,,,,,,,,,,,,,,,,,,,-11.54,,,,,
84.979248,27.771051,,,,,,,-11.63,,,12.74,-18.8,-15.76,,,,26.8,-17.04,-23.07,,-16.62,,,,,,,,,,,,,,,-14.55,
84.979248,27.790491,-17.16,-16.49,-19.25,-10.11,,,-17.34,-14.96,-12.41,,,-19.38,,,,,-18.26,-17.58,,-13.78,,,,,,,,,,,,-10.68,,,-14.44,
84.979248,27.809927,-39.74,-53.02,-51.72,-43.11,-32.46,-40.54,-39.67,-34.26,-29.65,-24.23,-32.34,-38.75,-17.93,-27.23,-30.61,,-27.82,-37.68,-18.12,-30.95,-24.71,-14.37,-14.91,,-19.42,-12.7,,,,,,-13.52,-12.82,,-17.85,
84.979248,27.82936,,,,,,,,,,,,,,,,,,,,,,95.45,,,,,,,,,,,,,,
84.979248,27.84879,,,,,,,,,,,,,,,,,,,-23.52,,,,,,-10.03,,,15.32,,,21.15,,,,,
84.979248,27.868216,,,,,,,,,,,,,,,,,,,,,,22.36,,,-10.7,,15.07,19.65,,,,,,,,
84.979248,27.887639,,,,-23.65,,,-22.73,,,-21.55,,-14.47,-24.78,,-11.91,,,,-16.19,,-11.04,,,,-12.08,,,,,,,,,,,-15.77
84.979248,27.907058,,,,,,,-28.58,,,,,,,,,,,,,,,,,16.43,-17.61,,11.2,,,,-10.44,,,,,
84.979248,27.926474,,,,,,,,,,,,,,,,-30.65,,-27.85,,,,,,,-23.17,-16.48,-17.3,,,-27.12,-16.77,,-10.64,-13.17,,-31.05
84.979248,27.965294,,,,,,,,,,,,,,,,-18.99,,,,,,-14.94,,,,,,,,,,,,,,
84.979248,27.9847,,,,,,,,,,,,,,,,-23.01,-13.38,-19.33,-17.8,,-13.87,-27.1,-16.51,-27.84,-26.35,-20.43,-23.04,-25.84,-17.8,,-25.07,-13.38,-11.71,-15.44,,-12.48
84.979248,28.042894,,,,,,,,,-17.67,,,-15.53,,,,10.34,,,,,,,10.53,15.02,10.65,,,-10.24,,,,,16.68,10.52,,20.91
84.979248,28.062286,,,,,,,-36.15,,-23.12,,,-34.15,-39.11,,-28.7,-11.52,-29.12,,-21.5,,-27.33,,-15.13,,,,-15.88,-12.71,,,,-15.82,,,,-10.9
84.979248,28.081673,,,,,,,,,,,,,,,,,,,-22.13,,,,,,,,,-16.12,,,-12.84,,,-14.33,,-12.46
85.001221,27.751607,,,11.12,19.67,,,,,17.42,12.47,,,,,12.53,,,,,,,11.82,,,,,,-16.43,,,,,,,,
85.001221,27.771051,,-10.59,,14.86,,,,-12.75,11.76,10.13,-22.61,-11.48,,,,12.39,-24.21,-17.74,,-16.23,,,,,,-11.05,-11.62,,-16.9,,,-17.07,,,-16.18,
85.001221,27.790491,,,,17.11,,,,-13.56,,17.38,,,18.49,-11.55,,15.24,-18.32,,,-12.14,,,,,,,,,-10.46,,,-15.38,,,-14.11,
85.001221,27.809927,-14.28,,,,,,,,15.18,,,,17.34,,,10.87,-19.38,-13.84,,-12.23,,15.2,,10.22,10.93,,,15.34,,12.47,21.11,,15.62,17.24,,
85.001221,27.82936,-37.93,,-30.96,-35.24,-24.9,-31.82,-27.57,,-18.11,-28.71,-22.58,-28.65,-14.49,-26.28,-21.52,,-33.04,-29.23,,-23.73,-11.83,,,,,-17.75,,,,,14.75,,,,-14.59,
85.001221,27.84879,,,,,,,,,,,,,,,,,,,,,,-22.35,-20.17,13.73,,-15.81,,12.55,,,10.81,,-19.23,,-20.51,
85.001221,27.868216,,,,,,,,,,,,,,,,,,,,,,-33.41,,,,-33.1,,16.97,13.02,,,-19.04,-15.07,,-39.63,
85.001221,27.887639,,,,,,,,,,,,,,,,,,,,,,-31.72,,,,-17.79,-10.24,,,,12.04,-23.92,,,,
85.001221,27.907058,,,,,,,,,,,,,,,,,,,-15.78,,,,,,,,-16.13,,,,-13.43,,,-17.33,,
85.001221,27.926474,,,,,,,,,,,,,,,-24.43,-47.12,,-32.9,-21.64,,-13.08,,-27.32,-15.22,-19.26,-19.47,,-11.0,,-27.43,-12.33,,-12.93,,,-23.08
85.001221,27.945886,,,,,,,,,,,,,,,,-28.93,,-20.01,-22.87,,,,,,,-19.91,,-15.88,-17.36,-32.93,-18.08,-22.7,,-10.42,,
85.001221,27.965294,,,,,,,,,,,,,-41.36,,,-23.45,,-17.28,-15.4,-10.22,,,,,,,,-14.71,-11.53,-21.4,-18.53,-17.14,,-16.58,,
85.001221,27.9847,,,,,,,,,,,,,-53.99,,-33.4,-19.3,,,-11.0,,,-15.29,,,-18.53,-10.42,-18.76,-20.46,-16.19,,-11.26,-18.6,,-15.44,-31.29,-19.05
85.001221,28.0235,,,,,,,,,,,,,-25.48,,-16.25,10.98,,-10.24,12.44,-18.81,,,,17.39,16.54,,,-11.91,,13.82,22.33,,26.74,,,11.29
85.001221,28.042894,,,,-23.77,-31.75,-21.57,-25.47,,-18.28,-32.88,,-16.33,-20.96,-30.69,,26.63,,,12.05,-16.24,,,,24.35,18.41,,,,,16.38,25.27,14.61,38.23,11.06,,30.74
85.001221,28.062286,,,,-46.07,-39.82,-30.41,-42.07,-47.96,-25.09,-37.33,,-26.08,-25.98,,-17.54,,,,,-32.9,13.8,,,12.15,16.16,,11.72,12.49,10.78,,23.63,12.99,26.31,,,
85.001221,28.081673,,,,,,,,,,,,,,,,,,,,,,,,,13.85,,,,,,,,,,,
85.023193,27.73216,,-11.87,,10.77,,,14.14,,,14.73,,-22.88,,,,,,-15.01,,-13.27,,,,,-17.08,,-11.84,,-15.84,,-17.89,,-21.77,-14.23,,-15.9
85.023193,27.751607,,-23.44,10.48,10.57,,,,,,12.4,-34.61,-15.51,,,,,-28.02,,,-27.11,,,-12.42,,,-22.88,-13.24,,-18.65,,,-16.82,-10.16,,-14.68,
85.023193,27.771051,,-36.38,,14.84,-15.57,,,-17.67,,,-30.68,,,-18.66,,,-30.54,-10.79,,-21.81,,,-22.66,,,-25.26,-13.68,-13.73,-29.61,,,-23.21,,,-16.25,
85.023193,27.790491,-10.15,-23.53,,,-11.3,,,-15.99,,,-20.29,,,-12.87,,,-20.9,-14.09,,-18.22,,,,,,-14.05,,,-17.73,,,-22.52,,,-22.79,
85.023193,27.809927,-30.25,-32.4,-27.68,-19.37,-33.13,-28.29,-23.95,-29.8,-26.21,-25.31,-31.06,-16.99,,,-11.0,,-30.54,-24.47,,-23.14,,,,,,-11.8,,,,,,-12.75,,,-10.26,
85.023193,27.82936,-61.42,-58.97,-61.08,-47.86,-55.4,-48.89,-49.0,-42.07,-51.25,-51.71,-45.35,-42.13,-33.8,-31.51,-27.26,-27.72,-46.23,-47.96,-32.74,-43.72,-29.41,-20.08,-24.31,-19.32,-19.88,-27.32,,,-16.03,-14.45,,,,,-12.36,
85.023193,27.84879,,,,,,,,,,-71.0,,,-66.63,,-62.8,-64.87,,,-67.98,,,-54.88,-32.26,-25.88,-17.79,-38.33,-14.31,-21.87,-23.2,-18.06,-17.03,-23.39,-21.2,-33.6,-37.06,-28.56
85.023193,27.868216,,,,,,,,,,,,,,,,,,,,,,-46.84,,-34.25,-24.1,,-28.46,,-18.45,-29.6,-21.47,,-22.51,-32.69,,-27.65
85.023193,27.887639,,,,,,,,,,,,,,,,,,,,,,-34.21,,,-20.32,,,,,,,,,-32.67,,
85.023193,27.907058,,,,,,,,,,,,,,,,,,,-30.15,-13.59,11.77,15.53,-20.85,,,,-16.96,,-17.92,,,,,,-14.3,
85.023193,27.926474,,,,,,,,,,,,,,,,,,,-20.94,,,13.09,-12.18,,17.47,,,,,-12.08,,,,,,
85.023193,27.945886,,,,,,,,,,,,,,,,,,,-12.28,,,,-11.72,-10.26,,,,,,-20.38,-13.7,,-12.66,,,
85.023193,27.9847,,,,,,,,,,,,,-28.56,,,-34.55,,,-20.2,,,,,,,-10.72,,12.17,,,,,24.73,17.35,,
85.023193,28.0235,,,,-62.27,,-44.71,-47.27,,-53.6,-46.18,,-45.09,-30.42,-38.31,-22.74,16.3,-23.65,,21.06,,14.69,11.55,,,19.38,,,,,,,-15.81,25.5,10.34,-17.18,10.51
85.023193,28.042894,,,,,,,,,,,,,,,,,,,19.23,,,,,,14.65,,,,,,19.16,,33.68,19.3,,
85.045166,27.71271,13.39,,,,,,,,,,,,,,10.34,,,,,,,12.92,,,-17.27,,-19.29,-13.34,,-16.06,-10.53,,,,,
85.045166,27.73216,13.48,,10.51,,,,,,,,-14.58,,,,,,-24.71,,,-22.75,,,-13.63,,,-17.37,,-13.47,-15.85,-10.28,,-25.22,-15.18,,-20.99,
85.045166,27.751607,,-13.34,,,,,,-11.62,,,-15.96,-11.09,,-12.7,,,-34.3,,,-26.69,,,-16.2,,,-25.09,-12.1,-10.9,-11.95,,,-18.28,-12.35,-14.55,-17.9,
85.045166,27.771051,,-31.62,,,-18.34,,,-19.18,,,-24.26,-10.97,,-20.16,,,-42.33,,,-30.86,,-10.19,-33.04,,,-27.66,,,-27.16,,,-26.5,-12.36,,-31.15,
85.045166,27.790491,,-23.34,,13.37,,20.74,28.74,,16.28,,-20.45,,,,,,-30.51,,,-18.3,,,,,,-15.36,,,-23.25,,,-19.59,,-14.74,-26.37,-16.1
85.045166,27.809927,,,,,-20.68,,,,-17.92,-15.81,-23.2,-16.8,,,,,-28.94,-16.6,,-15.5,,,,,,,,,-20.9,-13.78,,,,,-24.58,
85.045166,27.82936,,,,-31.15,-24.0,-26.73,,,-14.85,-23.5,-26.33,-18.54,-13.71,-14.28,-14.4,-20.11,-37.85,-37.27,-19.28,-21.15,-15.58,,-10.33,-19.1,,-17.87,,,-17.33,-15.54,,,-15.55,-16.53,-24.71,
85.045166,27.84879,-78.74,,,-72.08,-59.57,-61.43,-55.89,-49.46,-49.35,-56.35,-62.46,-51.59,-54.4,-51.75,-49.12,-56.46,-58.95,-61.26,-59.82,-56.32,-55.51,-39.53,-36.88,-29.96,-30.22,-25.36,-25.98,-15.01,-22.49,-25.53,-18.27,-21.02,-26.58,-28.26,-29.38,-28.36
85.045166,27.868216,,,,,,,,,,-55.29,,,-59.39,,,,,,,,,-48.02,,-46.44,-41.68,,-43.22,-37.15,-33.75,-40.14,-32.39,-36.87,-35.79,-37.53,,-46.01
85.045166,27.887639,,,,,,,,,,,,,,,,,,,,,,,,,-13.8,,,-11.62,,,-14.53,,,-23.89,,
85.045166,27.907058,,,,,,,,,,,,,,,,,,,-32.2,-11.84,10.27,,-14.97,,,-14.85,,,-23.6,,-12.69,-24.06,10.35,,,22.86
85.045166,27.926474,,,,,,,,,,,,,,,,,,,-13.11,,12.43,12.69,,,11.51,,,,,,,,10.11,16.92,,
85.045166,27.945886,,,,,,,,,-38.39,,,,-44.66,-43.68,-25.65,-39.72,,-40.45,-14.32,,,,,,,-15.96,,,,,,,,13.43,-42.84,
85.045166,27.965294,,,,,,,,,,,,,,,,-33.13,,-26.93,,,,10.01,,,,,,12.29,-20.2,-13.87,-14.48,-12.26,,,,
85.045166,27.9847,,,,,,,,,,,,,,,,-20.4,,-10.85,,,,,,39.2,,-10.5,17.03,,,,-12.58,,,13.74,,19.49
85.045166,28.004101,,,,,,,,,,,,,-17.29,,,21.87,19.37,40.09,15.22,,,25.51,,48.56,22.8,13.85,27.28,,13.79,14.92,,,31.77,11.81,,14.02
85.045166,28.0235,,,,,,,,,,,,,,,,,,,,,,19.42,,21.17,15.24,,,,,,,,,,,
85.045166,28.159189,,,-16.79,-19.69,,11.36,-20.39,,,12.7,,,-26.14,,-12.56,,,,,,,,,,-16.48,,12.85,-26.67,,-16.11,-11.8,,,-22.41,,-10.72
85.067139,27.71271,13.34,15.48,14.92,,,,,,14.14,,,,12.07,11.43,,,,-29.95,,-20.38,,,,,,-17.38,,,-13.87,-19.69,,-14.06,-12.8,12.89,,
85.067139,27.73216,,,,,,,,,,,-10.99,,,-13.32,,,-38.36,-21.72,,-23.22,,,-19.66,,,-15.83,,,,-11.08,,-17.66,-12.68,,-31.53,
85.067139,27.751607,17.15,,,,,,,,,,-12.86,,,,,,-27.35,,,-23.77,,,-12.82,,,-14.25,,-12.73,-11.09,,,-15.58,,-10.42,-27.78,
85.067139,27.771051,,-16.81,,,,,,,,,-18.13,,,-12.93,,,-32.36,,,-28.88,-10.25,-10.22,-20.09,,,-18.67,,,-16.49,,,-21.58,-11.31,-13.42,-26.98,-10.18
85.067139,27.790491,,,-12.68,,,,17.18,,13.18,,-17.59,,,-11.27,,,,,-10.04,-20.4,,,-15.14,,,-11.4,10.57,,-19.13,,,,-11.78,-12.58,,-18.58
85.067139,27.809927,,,,,,,18.58,,18.52,,,,,,,13.15,,-20.45,,,,,,,10.33,,34.93,34.18,-14.37,12.77,17.04,,,-15.04,,-11.83
85.067139,27.82936,,,,-27.75,,,12.25,,,,-12.49,,,,,,-36.84,-26.02,,-14.38,,,,,10.37,,,,,,,-11.82,,,-24.73,
85.067139,27.84879,-81.25,,,-68.28,-49.99,-49.84,-27.12,-28.06,-18.35,-26.03,-38.19,-20.57,-20.8,-26.75,-24.3,-30.64,-49.38,-38.46,-36.22,-29.35,-26.85,-23.43,-23.54,-24.67,,-13.1,-14.95,-13.99,,-16.25,-15.32,-14.61,-12.99,-22.96,-18.02,-16.92
85.067139,27.868216,,,,,,,-59.16,,-54.57,-55.09,,-57.56,-55.12,,-57.47,-62.0,,-59.8,-50.37,-46.46,-46.28,-42.85,-44.36,-46.78,-39.81,,-39.72,-32.69,,-44.46,-30.89,-29.19,-28.71,-23.01,-38.08,-38.99
85.067139,27.887639,,,,,,,,,,,,,,,,,,,-26.79,-14.39,-11.44,-17.58,,-28.06,-26.93,-26.0,-20.7,-18.43,-26.66,-18.96,-24.29,-20.0,-11.23,-11.22,,-13.83
85.067139,27.907058,,,,,,,,,,,,,,,,,,,-29.32,,,,,,,,,-10.66,,-14.47,-27.24,,-11.18,,,
85.067139,27.945886,,,,,,,,,,,,,-47.38,,-38.81,-28.97,,-28.01,-18.09,-15.89,10.35,,-28.39,,,,,,,-12.71,,-17.47,,,,
85.067139,27.965294,,,,,,,,,,,,,,,,-28.81,,-24.66,-21.25,-11.38,,,,,,,,,-10.5,-12.78,,,13.04,,,
85.067139,27.9847,,,,,,,,,,,,,-44.05,,-30.71,,-14.12,,-14.52,-16.86,,,-10.52,24.58,,-23.95,,,-17.45,-11.7,,,31.25,,-15.51,19.55
85.067139,28.178559,,,,,,,,,,,,,,,15.9,39.86,,,,,,32.11,,,26.92,,19.97,20.01,,23.54,21.78,,10.54,14.22,,13.31
85.089111,27.71271,,,,,,,,,,,-20.93,,13.03,,,,,-47.01,-15.44,-21.54,,,,,-13.97,,,13.58,,,,,,,,
85.089111,27.73216,,,,,,,,,,,,,,,,,-43.57,-24.13,,-21.72,,,,,,-14.22,,,,,,-12.57,,,-12.85,
85.089111,27.751607,,-18.11,,,,,,-14.12,,,-15.82,,,-14.49,,,-38.91,-17.07,-10.88,-35.68,-20.1,-22.19,-23.51,-16.19,-13.52,-22.04,-10.83,-18.41,-17.9,-21.99,-12.02,-25.61,-17.17,-15.51,-29.46,
85.089111,27.771051,12.48,-15.58,,,,,15.97,,,11.39,-17.07,,,,,,-31.37,,,-24.78,-25.81,,-13.11,,,-15.19,,,-12.17,,,-27.48,,,-21.21,
85.089111,27.790491,-12.97,,,,,,,,15.84,10.35,,-11.68,,,,,,,,,-20.48,-13.37,,,,,,,-16.59,-10.37,,,,-21.9,,
85.089111,27.809927,,,,,,,,-11.79,26.59,,,13.34,,19.99,15.09,19.64,,-13.72,,,,,,,21.48,,16.24,16.18,,19.04,23.23,,,-14.79,,-13.51
85.089111,27.82936,,,,-36.08,-36.68,-27.19,-11.05,-15.83,,,-24.33,,,-14.17,,,-44.96,-27.51,,-12.11,-16.97,,-13.19,,,,,,-10.69,,,-11.54,,,-35.51,
85.089111,27.84879,,,,-77.23,-73.57,-69.84,-53.65,-56.67,-39.49,-46.26,-62.03,-45.76,-44.49,-54.58,-51.2,-49.5,-63.24,-55.44,-41.99,-49.22,-43.49,-38.78,-43.37,-40.84,-30.16,-39.87,-33.72,-28.43,-41.67,-28.29,-28.48,-34.07,-20.54,-29.32,-39.82,-26.63
85.089111,27.868216,-79.25,,,-75.03,,-73.99,-63.36,-65.06,-59.69,-53.43,-63.82,-55.2,-55.47,-56.22,-56.33,-51.45,-60.94,-46.38,-34.05,-33.79,-23.38,-21.9,-32.7,-25.69,-20.07,-33.65,-19.68,-14.93,-27.27,-26.61,-15.87,-26.44,-13.8,-12.1,-34.49,-15.9
85.089111,27.887639,-72.78,,,-67.82,,-59.22,-57.95,-58.72,-55.96,-48.89,-50.73,-45.59,-43.68,-43.04,-43.64,-53.19,-53.51,-42.61,-20.8,-17.89,,-10.38,-23.05,-14.68,-13.33,-29.98,-10.57,,-24.1,-11.12,,-24.34,,,-23.03,
85.089111,27.907058,,,,-57.48,,,-46.09,-40.82,,,,,-31.93,,-29.94,-36.62,,,-13.34,,,-10.22,-11.54,,,-15.85,,,,,,-21.06,,,,
85.089111,27.926474,,,,,,,-43.85,,-32.46,-39.49,-38.63,-34.49,-24.84,-26.44,-25.31,-22.24,-36.27,-19.32,-23.94,,-11.3,-21.93,-19.28,-10.35,,-13.07,-13.5,,,,-11.0,-22.86,,,,
85.089111,27.945886,,,,,,,-50.57,,-46.85,-50.54,,-48.24,-37.15,-51.24,-39.92,-16.53,-30.33,-28.67,-32.23,-18.24,,-14.36,-28.1,-11.82,-15.82,-23.8,-16.4,,-14.94,-15.68,-10.39,-32.37,,,-17.03,
85.089111,27.965294,,,,,,,-59.09,,-37.79,-53.52,,-47.48,-43.94,,-25.57,,-23.62,,,,,,-10.2,,,10.24,,,,,,,13.54,,-11.86,
85.089111,27.9847,,,,,,,,,-53.42,-62.27,,-55.47,-51.05,,-41.29,,-36.3,-11.09,,-33.94,,,,,,,,-11.79,,,,,13.19,,,
85.089111,28.0235,,,,,,,,,,,,,,,,,,,,,,,,,,,,-50.83,,-31.18,,,-31.0,-43.92,,-33.16
85.089111,28.178559,,,,,,,-10.09,,-10.47,,,,24.02,,14.85,54.1,,,12.16,,,30.82,,29.18,21.95,,27.63,42.89,,15.08,17.7,,11.24,14.19,,
85.111084,27.71271,,,,,,,,-14.02,,,,,,,,,-21.89,-20.64,-12.58,-19.75,,,-17.18,,,-21.31,,,,,,,,,,
85.111084,27.73216,,,,,,,,,,10.06,,,,,,,-30.45,-13.47,,-23.64,,,-21.69,,,-16.25,,,,,,-13.58,,,-16.52,
85.111084,27.751607,,,,-10.52,,,,,,,-13.44,,,,,,-23.71,,,-21.73,-10.72,,-13.19,,,,,,,,,-15.79,,-10.1,-24.71,
85.111084,27.771051,,-19.05,,,,,,,,,-10.27,,,,,,-25.24,,,-24.3,-11.46,,-12.22,,,-18.04,-12.06,,,,,-19.21,,-10.78,-25.59,
85.111084,27.790491,,,,,,23.37,10.14,,14.83,,,,12.06,,14.62,17.61,,10.99,,,,,,-11.07,,,,,,,,,,,,
85.111084,27.809927,,,,-28.58,,-13.51,-18.17,,,,,,,,,,,-10.64,,,-17.63,,,,13.57,,,,,,,,,,,
85.111084,27.82936,,,,-60.16,,-54.76,-28.69,-27.04,-21.41,,-10.46,,-18.89,-10.03,,,-48.37,-16.79,,-18.11,-13.81,-12.48,-18.64,-23.17,,-10.09,,,-14.93,,,-24.87,-17.88,-15.43,,
85.111084,27.84879,-76.2,,,-68.82,-68.07,-61.69,-37.87,-37.36,-25.59,-20.92,-37.28,-26.09,-23.06,-24.52,-19.53,-19.5,-40.64,-18.82,-16.16,-27.21,-13.83,,-17.33,-16.81,-11.55,-22.63,,,-21.98,-13.04,,-25.42,-11.65,-11.21,-28.72,
85.111084,27.868216,-70.17,-84.7,-88.3,-65.93,-59.48,-57.39,-39.89,-44.32,-37.33,-30.44,-45.6,-35.27,-28.21,-36.36,-36.26,-31.77,-42.92,-32.71,-20.35,-27.67,-18.02,,-16.46,-17.84,,-26.7,-13.18,,-26.56,,,-18.61,,,-24.65,
85.111084,27.887639,-68.03,,-75.85,-44.76,-35.44,,,,,-12.9,-21.54,-12.23,-17.05,-18.38,,-19.11,-23.95,,,,,,,,,,,,,,,,,,,
85.111084,27.907058,-58.86,,,-40.39,-31.78,,,-17.05,,,-10.76,,,,,,-11.24,,,,,,,,,,,10.18,,15.82,10.8,,12.72,15.26,,
85.111084,27.926474,-66.59,-56.64,-65.71,-59.54,-51.15,-42.18,-39.48,-40.71,-29.56,-27.57,-33.23,-23.75,-24.02,-29.57,-23.84,-20.87,-30.77,-21.84,-20.88,-17.23,-11.12,-14.37,-16.32,-10.28,,-11.27,,,,,,,,11.62,,
85.111084,27.945886,-76.65,-70.72,,-77.99,-71.75,-66.21,-53.46,-57.47,-43.16,-49.72,-55.66,-42.21,-40.63,-47.57,-35.34,-23.19,-34.82,-28.45,-28.25,-33.69,-15.07,-19.99,-22.39,-20.11,,-20.29,-13.26,,-12.09,,,-23.84,,,-15.84,
85.111084,27.965294,,,,,,,-68.19,,-44.41,-63.38,,-61.48,-51.39,,-30.64,-15.8,-39.73,-20.48,-20.53,-41.82,-18.15,-15.0,-23.73,-13.78,,-12.73,-10.75,-11.49,,,,-15.55,,,-14.06,
85.111084,27.9847,,,,,,,,,-51.6,-69.78,,,-64.59,,-49.76,-24.54,-37.61,-23.36,-18.88,,-23.82,-16.05,-29.97,-22.11,-12.11,-14.14,,,-20.47,-10.78,-11.25,-18.77,,,-19.65,-10.11
85.111084,28.004101,,,,,,,,,,,,,,,,,,,,,,,,,-41.13,-35.51,-25.4,-17.74,-15.31,,-23.36,-16.93,,,,
85.111084,28.0235,,,,,,,,,,,,,,,,,,,,,,,,,,,,-41.04,-42.84,-39.54,-60.48,-35.84,-35.24,-34.73,-38.48,-23.53
85.111084,28.178559,,,,,,,,,,,,,,,,,,,,,,23.47,,,,,,,,,,,,,,
85.133057,27.71271,,,,,,,,-15.98,-10.72,,,,,-11.37,,,-13.84,,,-14.53,-12.36,,-18.92,-12.93,-10.69,-20.39,,,-23.51,-13.49,,-17.92,-17.03,,-16.98,
85.133057,27.73216,,,,,,-10.72,,-16.85,,,,,,,,,-18.58,,,-17.85,-13.74,,-19.54,-13.71,,-20.84,-15.08,,-22.79,-14.72,,-14.1,-13.8,,-26.56,-13.51
85.133057,27.751607,16.53,,,,,,,,,,,,,,,,-15.79,,,-16.15,,,,,,-12.05,,,-12.46,,,-10.14,,,-18.97,
85.133057,27.771051,,-16.75,-12.45,,,,14.23,,10.65,,-19.28,,11.0,-10.19,,,-25.24,,,-17.86,,,,,,,,,-14.17,,,-17.33,,,-18.14,
85.133057,27.790491,,,,,,19.02,21.91,,15.25,11.47,,,32.09,,32.83,18.95,,12.59,15.72,,11.43,14.12,,,,,19.76,22.53,,18.6,21.58,,,16.32,,29.82
85.133057,27.82936,,,,,,-48.79,-25.83,-22.98,-10.68,-17.31,,,,,,,,,,-22.48,,-12.09,,-17.67,-13.06,-14.69,-12.85,-17.2,-21.01,,,,,-10.42,,
85.133057,27.84879,-70.94,,,-50.26,-32.16,-36.73,-16.1,-13.28,,,-13.85,,,,,,-26.13,,,-14.22,,,,,,,,,-12.53,,,-10.06,,,-13.98,10.06
85.133057,27.868216,-67.6,-77.99,-84.02,-29.67,,,17.84,22.3,17.0,17.66,16.4,17.17,16.09,16.43,13.12,,,10.89,12.53,,13.65,15.43,15.33,,17.11,12.09,23.15,18.67,,15.16,23.58,,14.81,21.33,,19.49
85.133057,27.887639,-65.27,-71.14,-76.77,-22.98,-10.76,,,12.12,14.52,,,10.65,,,,,,11.31,,,11.45,10.62,,11.93,12.61,,16.21,15.67,11.66,20.39,16.7,11.07,15.73,15.72,,12.22
85.133057,27.907058,-50.42,-50.94,-52.94,-16.29,,,12.65,,16.79,28.42,16.46,28.33,22.87,13.87,18.27,19.25,15.66,19.28,19.52,21.59,20.58,20.42,21.38,20.17,23.15,20.03,23.3,26.3,30.22,33.76,30.81,29.86,28.02,35.43,22.92,25.22
85.133057,27.926474,-66.98,-61.06,-71.45,-63.7,-60.15,-56.76,-46.19,-42.48,-36.96,-38.18,-34.97,-30.1,-32.38,-33.37,-29.48,-28.35,-39.72,-27.19,-26.12,-27.51,-15.33,-22.17,-17.22,-16.99,-11.33,-19.83,-10.72,,,12.26,,,,12.47,,
85.133057,27.945886,-75.38,,-78.54,-76.39,-73.31,-70.76,-63.17,-61.24,,-60.52,-49.49,-50.08,-49.64,-52.84,-38.29,-37.97,-56.69,-42.13,-37.62,,-27.81,-30.25,-33.63,-27.57,-22.5,-34.97,-21.58,,-13.55,,-14.73,-22.4,-10.6,,-21.25,
85.133057,27.965294,,,,,,,,,,,,,-64.7,,-49.57,-48.15,,-48.08,-42.76,-59.4,-33.67,-33.77,-43.4,-27.8,-28.06,-50.03,-26.27,-15.06,-30.72,-19.57,-22.74,-33.45,-18.94,-19.32,-30.77,-14.73
85.133057,27.9847,,,,,,,,,,,,,,,,-59.79,,,,,-51.42,-55.36,,-50.79,-35.48,-38.18,-22.79,-17.34,-29.0,-12.31,-18.28,-21.8,-15.05,-13.92,-22.66,
85.133057,28.004101,,,,,,,,,,,,,,,,-84.5,,-75.12,-81.11,,-78.51,-80.79,,-75.15,-47.6,-33.57,-22.67,-18.0,-21.98,,-19.02,,,,,
85.133057,28.0235,,,,,,,,,,,,,,,,,,,,,,,,,-55.32,-39.59,-31.49,-32.44,-35.91,-14.69,-35.23,-20.94,-14.11,-22.3,-23.34,-13.77
85.155029,27.71271,,,,,,,,,,,,,,-11.78,,,,,,,,,-16.36,-12.82,,-11.78,,-11.52,-15.08,-17.14,,-18.85,-13.74,,-15.82,-13.1
85.155029,27.73216,,,,,,,,,,,,,,,,,,,,-10.92,-10.44,,,,,-11.06,,,-14.23,-10.16,,-11.8,-10.53,,-21.37,-11.47
85.155029,27.751607,13.87,,,,,,11.19,,,,,,,,,,-19.16,,,-17.35,,,,,,,,,-15.63,,,-10.32,,,-25.43,
85.155029,27.771051,-27.19,-42.76,-28.77,,,,14.21,,,,,,,-21.75,,,-29.14,,,-15.03,,,-15.43,,,,,,-17.34,,,-11.67,,-14.36,-30.34,-15.72
85.155029,27.790491,,,,,,,13.51,,,,,,18.21,,,11.18,,,,,,,,,,,,,,,11.35,,,,,
85.155029,27.809927,,,,-21.06,,,,,,,,,17.17,,,14.8,,,16.53,,,,,-11.61,26.79,,,,,,10.24,,,-11.86,,
85.155029,27.82936,,,,-31.13,,-22.08,19.53,10.82,10.75,21.84,,11.94,,,,,,-10.26,,,,-16.13,,-15.61,,,-19.85,,,,11.37,,,,,
85.155029,27.84879,,,,-20.86,,-11.17,16.71,12.01,12.68,22.26,13.61,26.17,,,,,-23.84,,,,,,,,,,,,,,13.67,,,,,20.34
85.155029,27.868216,-68.63,-72.81,-80.13,-13.57,10.2,,15.61,21.51,16.74,19.38,16.82,18.56,13.32,16.47,,,,,10.39,,11.63,,14.79,,14.18,,15.58,15.21,,16.75,18.27,,,,,17.47
85.155029,27.887639,-61.2,-66.73,-76.36,-12.15,,,13.07,23.09,16.02,20.39,15.24,18.8,12.04,12.12,,,,,,,10.23,10.65,17.53,15.53,16.03,14.95,16.65,14.49,15.99,21.79,18.69,11.53,11.35,11.09,,15.85
85.155029,27.907058,-46.69,-52.69,-59.69,,11.11,,13.19,24.15,25.37,42.74,33.59,37.91,38.14,34.08,21.66,24.07,22.29,21.16,22.35,23.74,27.54,22.66,33.94,27.68,24.98,29.62,23.13,24.58,29.49,32.26,39.69,36.8,31.33,31.96,28.44,27.5
85.155029,27.926474,-69.56,-81.81,-83.67,-72.05,-70.02,-69.06,-63.57,-59.23,-56.53,-52.66,-51.3,-48.87,-50.24,-51.34,-43.61,-44.38,-52.41,-44.46,-43.87,-45.54,-36.14,-35.8,-36.43,-35.25,-35.08,-38.24,-32.87,-23.28,-23.34,-22.91,-20.27,-27.13,-21.92,-20.8,-27.43,-24.2
85.155029,27.945886,-79.35,-85.16,-85.65,-81.85,-81.36,-79.78,-74.45,-74.24,-72.1,-68.42,-59.97,-60.59,-58.32,-58.9,-41.33,-48.4,-66.4,-51.24,-48.93,-58.59,-38.97,-36.32,-42.97,-36.02,-35.48,-47.83,-30.94,-19.41,-29.14,-20.45,-22.98,-30.28,-28.12,-21.78,-33.2,-23.24
85.155029,27.965294,,,,,,,,,,-84.59,-75.22,-76.14,-71.44,-73.24,-55.72,-56.8,-77.73,-60.94,-55.16,-69.83,-43.68,-45.45,-49.87,-40.0,-41.09,-60.31,-37.5,-28.15,-40.24,-27.42,-24.33,-39.77,-26.17,-28.11,-35.65,-27.59
85.155029,27.9847,,,,,,,,,,,,,,,,-65.21,,-66.39,-62.88,,-61.32,-59.46,-68.91,-51.18,-44.48,-54.29,-36.52,-35.71,-43.89,-25.57,-26.24,-35.95,-21.64,-22.53,-38.26,-23.96
85.155029,28.004101,,,,,,,,,,,,,,,,-79.52,,-75.1,-76.92,,-79.54,-78.2,,-75.43,-60.88,-51.19,-37.75,-30.43,-43.63,-27.56,-30.77,-34.01,-20.81,-24.01,-27.91,-27.68
85.155029,28.0235,,,,,,,,,,,,,,,,,,,,,,,,,-59.62,,-46.5,-37.54,-50.7,-27.36,-35.58,-40.14,-19.49,-22.16,-35.58,-30.11
85.177002,27.71271,,,-11.1,,,,,,,,,,,-14.27,,,-13.62,,,,-10.85,,-15.0,-12.1,,-10.26,,-13.63,-14.34,-11.45,-10.79,-16.42,-13.71,-15.15,-19.88,-10.57
85.177002,27.73216,,,,,,,10.85,,,,,,,,,,,,,,,,,,,-12.32,,,,,,,,,,
85.177002,27.751607,,,,,,,17.74,,,,,,,,,,-16.7,,,-13.82,,,-11.85,,,-10.27,,,,,,,,,-15.64,
85.177002,27.771051,-43.51,-52.67,-33.62,,,,17.2,,14.2,,-20.18,,,-13.39,,,-38.98,-11.06,-12.4,-17.65,,,,,,,-11.16,,-10.86,,,-12.55,,,-18.68,-10.31
85.177002,27.790491,,,-41.6,,,-11.11,,,,-24.02,,-16.96,,,,,,-16.73,-11.13,,-14.69,-23.93,,-23.12,-12.22,,-22.21,,,,-10.84,,-11.96,-10.01,,
85.177002,27.809927,,,,,,,18.35,,11.78,,,,,,13.9,15.8,,-19.32,-18.06,,-14.98,-22.53,,-12.41,,,,,,,,,12.9,,,
85.177002,27.82936,,,,,27.15,,30.36,28.85,19.22,,,25.67,,16.3,,12.83,,,,,,,,-13.5,-10.79,,-12.2,,,-13.57,,,,,,
85.177002,27.84879,,,,,26.81,,26.05,26.53,32.98,30.61,21.75,30.73,11.85,20.42,16.36,31.69,,,11.2,13.81,28.88,,12.22,10.37,,,,13.32,,,,-14.08,,,-17.83,
85.177002,27.868216,-62.23,,,,18.36,,17.34,29.4,28.43,24.33,17.91,25.83,15.82,20.05,10.96,16.01,,,13.04,11.6,12.67,,16.52,14.81,14.93,12.96,11.5,,,17.89,17.42,,14.42,,,17.52
85.177002,27.887639,-58.07,,,-14.51,,,13.49,27.62,24.58,26.19,19.69,26.01,21.17,15.52,14.24,20.48,,11.29,14.53,,14.38,14.82,20.67,18.37,15.41,17.98,15.96,17.22,20.28,22.91,21.52,17.55,17.34,17.17,,19.22
85.177002,27.907058,-52.45,-62.46,-62.41,-20.31,,-11.76,,15.2,16.09,21.61,15.08,20.51,17.87,16.28,,13.18,,,,,13.23,,16.07,12.43,11.0,12.14,,12.97,15.14,15.78,23.56,19.37,19.25,18.93,,15.29
85.177002,27.926474,-62.73,-72.33,-76.51,-54.28,-43.37,-45.29,-31.98,-30.49,-28.44,-22.77,-24.29,-18.67,-24.5,-21.66,-23.39,-21.47,-34.25,-23.39,-24.27,-26.22,-18.97,-18.66,-19.76,-18.36,-17.46,-21.3,-17.72,-11.41,-15.94,-11.68,,-13.32,-10.06,,-17.81,
85.177002,27.945886,-79.57,,,-78.92,-72.69,-75.83,-68.01,-67.28,-64.43,-63.59,-62.17,-55.44,-59.64,,-49.58,-50.58,-67.65,-52.28,-53.54,,-45.09,-48.91,-47.81,-45.34,-48.0,-54.76,-46.9,-37.8,-46.4,-36.61,-31.13,-42.31,-37.86,-34.67,-48.1,-36.28
85.177002,27.965294,,,,,,,,,,-91.67,,-88.11,-81.63,-79.91,-75.64,-68.24,-83.62,-69.47,-68.42,-76.75,-60.51,-67.29,-69.6,-61.42,-62.17,-78.05,-68.0,-61.81,-70.96,-56.18,-52.47,-63.32,-53.13,-49.08,-66.08,-51.52
85.177002,27.9847,,,,,,,,,,,,-86.09,-81.55,-78.98,-73.23,-55.76,-82.42,-57.62,-56.62,-71.99,-52.41,-56.15,-61.78,-49.69,-44.81,-62.56,-46.1,-40.75,-56.65,-39.66,-28.76,-46.19,-23.59,-23.0,-42.64,-19.07
85.177002,28.004101,,,,,,,,,,,,,,,,-68.31,,-62.99,-61.42,-72.16,,-56.34,-61.02,-55.01,-42.68,-48.75,-33.66,-35.96,-52.11,-32.09,-30.16,-46.06,-28.2,-25.55,-41.81,-28.32
85.177002,28.0235,,,,,,,,,,,,,,,,,,-75.48,-75.44,,-65.04,-67.8,-71.33,-65.48,-60.04,-61.58,-54.93,-47.62,-59.4,-31.27,-37.53,-48.89,-24.23,-29.14,-48.93,-37.64
85.177002,28.042894,,,,,,,,,,,,,,,,,,,,,,,,,,,,-44.45,-30.34,,-32.68,,,,-36.86,-18.84
85.198975,27.71271,,,,,,,,,,,,,,,,,,,,,,,,,,,,,,,,-10.82,-11.5,,-11.35,
85.198975,27.73216,,,,,,,10.78,,,,,,,,,,,,,,,,,,,,,,,,,,,,-10.66,
85.198975,27.751607,11.4,,,,,,11.59,,10.15,,-10.42,,,,,,-14.6,,,-14.39,,,,,,,,,,,,,,,-13.63,
85.198975,27.771051,-17.62,-30.06,-11.8,,,,22.94,,,,-16.82,,,-15.44,,,-25.65,,,-21.98,,,-10.2,,,-17.26,,,-15.93,,,,,,-14.74,
85.198975,27.790491,-36.13,,-27.69,14.53,10.36,,11.6,,15.82,10.94,,,,,,,,,-22.02,,-14.59,,,-24.69,,,-18.93,,,,-11.41,,-17.96,,,
85.198975,27.809927,,,,,,-19.26,,,11.8,12.07,,,13.84,,,12.64,,19.06,,,-22.88,-31.63,,,-14.71,,-15.79,,,,,,,,,-13.87
85.198975,27.82936,,,-18.9,,27.83,,27.17,36.64,35.35,,,27.7,14.6,29.72,18.96,22.82,-25.59,14.22,,,-38.38,-34.51,-25.5,-31.68,-29.06,-15.3,,12.57,-14.47,,,,,,,
85.198975,27.84879,,,,-14.39,10.67,-27.42,,12.56,13.21,12.55,-21.38,,,,,,-21.74,-10.8,,,,,11.15,,-14.52,-15.79,,,,,,-14.18,,,-26.68,
85.198975,27.868216,,,,-12.15,,-18.41,15.8,14.13,24.42,21.8,,16.72,,,,10.61,-19.08,,,,,14.5,12.81,15.41,,,,,,10.64,,-10.1,,,-16.22,
85.198975,27.887639,-64.39,,-34.94,-10.42,17.01,-10.57,24.05,35.3,29.16,33.52,16.62,20.84,21.15,17.68,,20.12,,,,,11.82,17.27,10.55,15.83,,17.41,16.09,10.28,,13.95,10.79,12.74,14.48,,-12.74,10.8
85.198975,27.907058,-60.18,-77.14,-48.77,-32.13,,-20.16,17.13,21.33,25.45,31.83,24.15,23.88,18.81,17.73,12.53,19.47,,,,,11.14,13.02,,11.43,,11.3,,10.07,,,13.28,10.86,10.48,14.55,,17.66
85.198975,27.926474,-69.2,,-73.16,-56.34,-29.95,-39.01,,,,14.31,,10.16,,,-13.76,,-20.97,,,-13.74,,,-12.54,,,,,,-19.54,-10.6,,,,,-14.72,
85.198975,27.945886,-74.23,,,-77.03,-54.27,-57.67,-39.07,-40.43,-22.19,-31.63,-41.93,-32.56,-42.46,-29.91,-40.98,-29.3,-57.61,-37.77,-31.13,-43.11,-34.74,-37.39,-31.49,-36.51,-38.46,-45.82,-42.3,-27.05,-43.96,-21.58,-17.9,-32.11,-22.14,-19.21,-39.73,-22.25
85.198975,27.965294,,,,,,,-77.11,,,-71.51,,-67.01,-72.32,-66.38,-68.28,-44.26,,-51.12,-39.64,-49.06,,-38.57,-37.23,-34.51,-35.22,,-38.57,-30.12,-49.52,-19.37,-20.74,-36.05,-18.05,-18.81,-39.64,-15.59
85.198975,27.9847,-88.86,,,,,,,,,-87.72,,-77.73,-82.79,-84.17,-79.91,-47.45,-81.16,-34.48,-21.83,-55.94,,-10.09,-28.11,,,-21.78,,,-33.22,,,-17.27,,,-18.96,14.32
85.198975,28.004101,-86.47,,,,,,-87.48,,-84.6,-83.12,-83.63,-76.57,-82.74,,-81.15,-24.53,-65.52,-10.07,,-13.84,29.47,,,11.93,,,17.25,,-18.82,,11.08,,10.08,,,15.24
85.198975,28.0235,,,,,,,,,,,,,,,,-53.33,,-38.75,-32.44,-51.13,-17.54,-28.4,-29.56,-25.0,-20.65,-21.96,-13.85,-15.01,-25.87,-11.83,-15.78,-16.39,,,-15.18,
85.198975,28.042894,,,,,,,,,,,,,,,,,,,,,,,,,-49.96,,,-39.98,,-23.53,-39.09,,-21.52,-15.0,,-16.19
85.220947,27.71271,,,,,,,16.53,,,,,,,,,,,,,,,,,,,,,,,,,,,,,
85.220947,27.73216,,,,,,10.69,17.5,,,,,,,,,,,,,,,,,,,,,,,,,,,,,
85.220947,27.751607,14.47,,,,,10.98,19.16,,,,-10.43,,,-10.05,,,,,,,,,,,,,,,,,,,,,,
85.220947,27.771051,,-14.14,,,,,14.19,,,,,,,-14.48,,,,,-10.14,-27.3,,,,,,,,,-10.27,,,-14.13,,,-10.89,
85.220947,27.790491,-13.12,-54.23,-10.01,,,,12.16,,22.04,,,,10.05,,12.57,10.91,,14.1,-20.94,,,,,,,-10.44,,,-11.46,,-16.52,-17.85,,,-18.09,-13.2
85.220947,27.809927,-39.04,,,11.77,11.21,,,,,,,10.92,11.83,,20.43,14.85,,21.61,-11.05,,,-23.53,,-22.32,-16.22,,-11.02,,-10.75,,-21.19,-11.93,,,-15.32,
85.220947,27.82936,-49.82,,,,16.17,-11.3,17.39,25.97,24.72,,,,10.7,,,16.82,,,,,,-19.62,,-19.93,-18.45,,,,-15.23,,-21.25,-18.04,,,-28.75,
85.220947,27.84879,,,-24.07,-19.52,-17.81,-21.46,15.51,,,,,,,-16.52,,,-25.93,,,,-13.61,11.75,15.65,,,-15.96,-12.32,,-20.83,,-11.68,-13.77,,-12.52,,-13.58
85.220947,27.868216,,,-20.6,,,-20.85,20.03,18.6,29.24,16.29,17.79,20.71,,,,,,,,,,12.63,11.54,15.37,,,,,-19.17,,,,,-10.1,-29.88,
85.220947,27.887639,-60.81,,-26.54,-13.6,,-20.78,25.18,22.83,22.69,38.9,18.06,15.89,17.23,14.69,,22.84,,,,,15.5,31.63,10.85,17.43,12.0,13.36,13.65,13.1,,,10.03,,,,-23.75,
85.220947,27.907058,-77.96,,-50.5,-45.53,,-18.31,30.15,24.14,29.09,27.39,18.24,32.12,18.79,12.52,12.27,19.97,,13.46,,,17.87,23.69,,21.71,12.4,10.32,10.91,17.25,,,12.53,10.04,12.98,12.97,,
85.220947,27.926474,,,-61.8,-60.85,,-34.57,,22.78,36.42,23.98,15.89,15.82,,12.06,,,-28.13,,,,,,,,,,,,,,,,,,,
85.220947,27.945886,-78.41,,-63.85,-74.86,-68.41,-57.81,,,20.76,17.08,,,-18.44,26.74,-23.9,-14.24,-65.76,-29.3,,,,,,,,-11.63,,,,,,,,,,
85.220947,27.965294,,,,,,,-38.61,-47.95,-36.1,-35.39,,-36.67,-55.68,-44.61,-58.75,-19.46,,-37.69,,-38.05,,-14.57,-14.75,,,-22.49,,,-13.8,,,,,,-11.15,
85.220947,27.9847,,,,,,,-76.21,,-75.03,-73.29,,-68.63,-77.02,,-70.33,-44.49,,-38.86,-19.21,-52.34,,,-14.76,,,-12.87,,,-20.93,,,-10.85,,,-11.7,20.33
85.220947,28.004101,-86.81,,,,,,-73.02,-79.7,-78.21,-68.78,-75.98,-78.25,-79.9,,-70.99,-46.51,-73.61,-28.69,-13.63,-52.11,,,,,,,,,-10.62,,11.18,,,14.78,13.05,22.66
85.220947,28.0235,,,,,,,,,,,,,,,,-45.35,,-23.49,-18.09,-52.9,,,,,,,10.25,,,,,-14.37,,15.87,,24.65
85.220947,28.042894,,,,,,,,,,,,,,,,,,,-38.08,,-13.31,-17.04,,-22.11,,,-16.87,-16.15,,,,,,,,
85.220947,28.062286,,,,,,,,,,,,,,,,,,-25.69,-43.04,,-24.95,,,,-20.83,,,,,,,,-23.18,-34.47,,
85.24292,27.71271,,,,,,,15.87,,,,,,,,,,,,,,,,,,,,,,,,,,,,,
85.24292,27.73216,,,,,,11.55,19.52,,,,,,,,,,,,,,,,,,,,,,,,,,,,,
85.24292,27.751607,,,,,,,,,,657.05,,648.39,,,,,,,,,,,,,,,,,,,,,,,,
85.24292,27.771051,,,10.71,,,12.23,20.93,,,,,,,,,,,,,,,,,,,,,,,,,,,,,
85.24292,27.790491,,-19.11,,11.5,,,17.68,,,,,,,,14.3,,,,-11.15,-29.5,,,,,,,,,,,,,,,,
85.24292,27.809927,,-60.39,10.44,11.45,10.05,,13.0,12.14,12.26,,,,18.89,15.05,13.92,13.69,,14.32,,-49.55,,10.76,24.06,11.98,,,,,,,-15.27,,,,,
85.24292,27.82936,-22.25,,,,,,10.8,,10.63,,,,,,,,,,,-44.65,14.05,,16.49,,,,,,-15.04,,-17.06,,,,-16.06,
85.24292,27.84879,-46.03,,-11.18,,,-12.55,15.65,,12.3,,,,,,,,,,,,,12.99,,,,-14.87,,,-14.05,,,,,,-33.93,
85.24292,27.868216,,,-30.76,-17.71,,-14.83,25.07,,21.42,19.55,16.62,,19.83,13.03,21.94,15.37,,,,,17.74,15.22,,12.08,,,,,-11.32,,,-13.73,,,,
85.24292,27.887639,-76.27,-56.62,-48.02,-37.19,-30.75,-25.74,30.37,22.19,31.28,31.27,18.57,20.06,18.4,27.01,16.82,25.27,,12.94,,12.45,14.04,16.15,,16.24,20.27,,17.32,13.47,,10.72,15.15,,,-11.32,-49.79,
85.24292,27.907058,-80.43,-62.67,-53.77,-42.05,,-20.65,,17.02,18.58,27.25,13.18,28.94,20.18,16.78,18.29,22.75,,,,,18.65,13.87,,17.56,15.09,,13.85,11.46,,,18.63,,15.43,11.0,,10.82
85.24292,27.926474,,,,,-24.17,-33.35,,11.67,26.44,20.07,,10.39,,,,,-26.1,-17.96,,,10.61,12.5,,,10.44,,,,-10.17,,,,12.55,12.84,,12.12
85.24292,27.945886,,,,,,-56.91,,,13.7,,-15.66,,-23.36,,-29.08,-13.24,,-37.08,,14.97,11.4,,20.02,11.66,22.34,11.09,19.74,16.47,,12.65,,,15.5,,15.79,17.52
85.24292,27.965294,,,,,,,-14.39,,,,-20.55,-25.86,-40.99,,,-20.15,,-32.36,19.76,,30.23,,22.97,25.73,21.9,,16.79,21.03,10.34,32.16,25.91,12.33,25.06,22.1,28.31,32.33
85.24292,27.9847,,,,,,,,,,-63.4,,,,,,-47.93,,-52.89,,,18.2,,,,10.18,13.11,,24.12,17.77,23.49,20.72,,14.66,16.98,23.46,26.93
85.24292,28.004101,,,,,,,-70.29,,-71.0,-76.05,,,,,,-59.15,,-49.37,-17.02,-61.78,,,-12.33,-10.73,,-15.63,,,-21.43,,,-18.34,,,,18.85
85.24292,28.0235,,,,,,,,,,,,,,,,,,,,,12.33,,,,,,18.09,,,10.68,,,21.4,41.21,15.6,30.81
85.264893,27.71271,,,,,,,11.41,,,,,,,,,,,,,,,,,,,,,,,,,,,,,
85.264893,27.73216,,,,,,,13.23,,,,,,,,,,,,,,,,,,,,,,,,,,,,,
85.264893,27.751607,11.78,,,,,,17.25,,,,,,,,,,,,,,,,,,,,,,,,,,,,,
85.264893,27.771051,13.88,10.99,,,,11.39,21.71,,,,,,,,,,,,,,,,,,,,,,,,,,,,,
85.264893,27.790491,11.23,,11.88,,,14.63,23.47,,,,,10.55,,,10.48,,,,,,,,,,,,,,,,,,,,,
85.264893,27.809927,13.55,,40.41,11.42,,14.49,19.0,11.38,,-10.83,,11.21,22.73,26.16,34.28,17.75,11.84,20.75,12.09,-23.29,20.94,24.82,14.59,25.82,,,,,-13.83,,-21.33,-11.11,,11.7,14.05,10.92
85.264893,27.82936,-10.51,,,,,,,,,,,,16.25,16.96,15.71,14.45,,15.54,,-43.87,13.47,20.97,,13.21,,,,,-12.12,,-11.22,,,,,
85.264893,27.84879,,,-22.21,,,,17.2,12.0,10.89,16.29,,,16.67,,,,,,,-22.7,13.3,17.58,,14.62,,,,,,15.7,,-10.74,,-11.54,-37.09,-13.56
85.264893,27.868216,-57.45,-40.25,-23.91,-23.5,-24.73,-20.63,17.13,15.64,10.53,23.86,,,19.98,,10.39,,10.81,,,17.94,20.75,12.52,,15.83,,,11.48,,,13.19,11.13,-12.35,,-20.35,-62.51,-25.89
85.264893,27.887639,-72.95,,-37.64,-27.13,-31.36,-18.98,16.13,19.53,21.14,23.68,,16.19,11.37,,,12.53,-19.25,,,,16.4,13.02,,15.15,12.33,10.17,,,-10.72,,14.77,-15.21,,,,-12.69
85.264893,27.907058,-69.01,-52.34,-45.53,-32.6,-14.5,-21.37,10.19,,13.84,15.6,-17.5,13.98,,,,,-52.22,-29.01,-15.04,,11.02,,-12.19,,,,,,,,,-17.26,,,,
85.264893,27.926474,,,-55.07,-42.0,-24.61,-36.81,,,15.52,12.69,-18.26,,,,,,-28.7,-29.88,-21.32,-14.75,,10.69,,,10.96,11.55,,,,,13.88,,16.53,24.02,,17.29
85.264893,27.945886,,,-35.46,,,,,,21.64,,,-10.46,-19.31,,-13.54,-18.41,,,-26.64,,,,24.25,11.64,11.85,,,,13.08,16.6,11.0,,27.0,12.14,-10.79,11.55
85.264893,27.965294,,,,,,,,,,,,,,,,,,,-17.02,,,,,14.72,24.08,,20.51,16.01,,38.16,35.47,,35.17,18.16,,
85.264893,27.9847,,,,,,,,,,,,,,,,-35.32,,,29.69,,24.37,29.64,49.44,18.16,39.84,57.97,44.91,41.73,32.76,45.84,85.58,38.2,48.23,48.42,29.5,39.77
85.264893,28.004101,,,,,,,-64.48,,,,,,,,,-44.3,,-57.08,39.63,-45.55,,15.88,23.71,,36.38,43.49,44.85,47.1,28.47,49.31,60.73,66.04,81.38,67.7,44.27,66.51
85.264893,28.0235,,,,,,,,,,,,,,,,,,,30.87,,,26.65,,,35.58,,42.92,26.49,,15.32,33.67,,32.9,29.05,,53.97
85.264893,28.081673,,,,,,,,,,,,,,,,,,,,,,10.34,,,,,,,,,24.48,,,,,
85.264893,28.101058,,,,,,,,,,,,,,,,,,,,,,13.27,,,,,,,,19.46,,,,,,
85.264893,28.120438,-45.3,,,,,,,-34.86,,,,-16.12,-16.06,,,,,,,,,,,11.07,,,,,,10.09,12.33,,,,,-21.77
85.264893,28.159189,,,,,,,,,,,,,,,,,,,-32.94,,-18.93,,,,,-10.11,-38.93,-13.69,,,,,,-22.0,-11.99,
85.286865,27.751607,11.21,,,,,,16.76,,,,,,,,,,,,,,,,,,,,,,,,,,,,,
85.286865,27.771051,12.98,10.46,,,,12.07,22.0,,,,,,,,,,,,,,,,,,,,,,,,,,,,,
85.286865,27.790491,13.04,14.37,16.38,,,21.23,31.27,,,,,13.04,,,,,,,,,11.38,,,,,,15.29,,,,,,,,,
85.286865,27.809927,19.19,,,22.37,25.44,,,,38.72,20.21,45.71,,40.18,52.18,,57.9,31.54,12.28,,,,12.26,44.8,12.32,19.29,25.38,,21.51,36.88,31.11,16.44,42.34,44.28,35.58,36.59,124.91
85.286865,27.82936,,,,,,,14.48,12.52,,,,16.72,14.52,,14.74,,,,,-15.32,12.77,,,,,,,,-14.37,,,,,,-21.47,
85.286865,27.84879,-38.29,-48.82,-35.56,,-18.34,-34.82,18.5,22.73,,34.8,11.68,12.77,23.3,,,,16.08,,,,24.47,14.28,,,,19.51,10.83,12.02,10.63,21.89,23.78,,,-17.87,,-16.7
85.286865,27.868216,-54.14,-61.69,-37.19,,,-13.26,30.34,14.04,14.32,32.88,11.34,15.2,14.36,,13.38,,,,,,17.26,21.66,,,14.23,,14.36,,,,18.85,,,-11.37,-65.48,-23.75
85.286865,27.887639,-64.91,-56.46,-41.82,-15.18,-13.88,-26.45,11.35,,15.2,20.15,-15.33,,,,,-10.56,-33.51,-28.36,-21.68,-18.11,,,-10.18,,,,,,-18.06,,,-16.01,,,-46.38,-16.01
85.286865,27.907058,-67.53,-47.66,-28.02,-14.48,,-21.3,,15.91,19.04,10.23,-23.54,,,,,-10.89,-61.83,-56.62,-26.67,-20.14,,,-21.1,,,,,,,,,-20.08,,10.41,-13.75,
85.286865,27.926474,-58.19,-53.82,-24.32,-23.22,-15.71,-27.06,,,,17.76,-23.06,,24.35,,12.75,15.32,-51.67,-43.69,-35.09,-25.14,,,,,,,,,,,12.88,,18.45,19.37,,
85.286865,27.945886,,,,-30.76,,-19.48,,,22.05,15.92,,-12.23,12.51,-10.78,,,,,-44.39,,,34.13,,,12.09,13.69,20.41,13.45,37.87,31.79,23.4,30.56,30.4,30.08,,
85.286865,27.965294,,,,,,,,,,,,,-28.55,,-26.31,,,,-28.49,,,49.38,,16.28,42.83,,,32.15,,49.27,41.9,,107.4,41.04,,
85.286865,27.9847,,,,,,,,,,,,,,,,,,,39.42,,,,,,71.91,,,46.2,,,61.96,,,,,
85.286865,28.004101,,,,,,,,,,,,,,,,28.24,,,75.82,,,14.62,,25.05,134.82,,87.54,84.57,,,120.59,,,71.15,,15.55
85.286865,28.0235,,,,,,,,,,,,,,,,,,,,,,29.49,,,33.06,,49.13,31.05,,20.17,14.54,,,40.02,,18.71
85.286865,28.081673,,,,,,,,,,,,33.51,,,,,,37.73,37.39,,,81.31,,,84.52,,54.08,82.54,,78.48,46.67,,106.12,66.16,,28.73
85.286865,28.101058,-45.02,,,-40.32,-29.4,,15.47,-23.32,,32.88,27.47,15.45,34.84,,16.61,18.29,,,20.01,15.58,,24.73,19.51,35.88,43.15,32.45,48.32,36.96,15.26,35.96,48.2,12.91,41.63,34.25,15.15,15.85
85.286865,28.120438,-35.33,,-72.04,-50.79,-29.23,-17.76,-10.41,-47.6,-17.04,-19.08,-33.99,-20.69,-14.05,-40.12,-15.85,11.68,-15.26,,12.38,28.12,19.13,14.53,27.15,30.13,21.6,23.2,25.83,,12.08,24.51,18.96,11.63,37.94,,10.84,-17.05
85.286865,28.139815,,,,-59.56,,,-36.44,,-29.43,-35.12,,-29.29,-32.76,,-42.22,-13.01,-13.22,,-13.57,,,-10.29,,,,,,-12.02,,14.94,,-22.93,,-14.52,-10.71,-36.3
85.286865,28.159189,,,,,,,,,,,,,,,,,,,,,,,,,-11.26,,,-13.09,,,,,,,,
85.286865,28.217289,,,,,,,,,,,,,,,,,,,,,,,,,,,,,,,-11.43,,,,,
85.308838,27.751607,10.33,,,,,,14.46,,,,,,,,,,,,,,,,,,,,,,,,,,,,,
85.308838,27.771051,11.89,,,,,10.7,20.54,,,,,,,,,,,,,,,,,,,,,,,,,,,,,
85.308838,27.790491,12.32,10.41,10.4,,,14.55,25.48,,,,,,,,,,,,,,,,,,,,10.77,,,,,,,,,
85.308838,27.809927,13.86,11.04,,,,11.73,30.67,,,,,11.36,,,,,,,,,,,,,,,14.2,,,,,,,,-11.89,
85.308838,27.82936,,,-19.44,,,-12.49,24.77,,-11.04,11.74,,,,,,13.3,10.33,,,,,10.21,,,,,,,-10.28,,,,-12.58,-15.74,-24.91,
85.308838,27.84879,-40.29,,-57.75,,-16.18,-42.18,17.5,,-16.98,23.28,27.16,,16.34,,,24.52,50.69,17.22,-15.12,,11.49,,,,22.29,27.0,17.32,13.68,,,,,-24.37,-31.7,,-24.24
85.308838,27.868216,-48.69,,-55.81,-15.99,-19.02,-33.18,,,,16.2,18.08,,,-10.67,,,,,-18.3,,11.48,,-17.34,,,,,,,,,-21.45,-12.02,-20.12,,-35.88
85.308838,27.887639,-59.56,,-40.32,-21.22,,-38.71,,,10.96,13.16,,,,,,,,-27.83,-20.64,-33.41,,11.45,,,,,,-14.69,,,,-13.07,,,-30.13,
85.308838,27.907058,-59.95,,-21.06,-14.63,,-21.31,,12.97,,11.83,-39.99,,,-14.95,,,,-61.84,-41.71,-34.88,,,-22.89,,,,,,,,,-18.37,,,-24.94,
85.308838,27.926474,-56.69,-48.67,-19.75,-22.02,,-31.38,,,,,-38.86,,,,,,-64.74,-63.6,-38.82,-18.9,,,-14.86,,,-12.37,,,,,,,,,-12.25,
85.308838,27.945886,,,-23.42,-25.37,,-28.11,-14.07,-11.63,,-14.19,,-14.37,,-15.0,,-17.73,,,-46.08,,,,,,,,-18.18,,-10.82,,,,,,,
85.308838,27.965294,,,,,,,,,,,,,,,,,,,,,,12.98,,,,,,,,,12.32,,,13.9,,
85.308838,28.101058,-54.08,,,-54.01,-55.66,-44.58,-10.8,-50.46,-22.65,-31.8,-40.87,-29.24,-10.23,-33.09,-18.53,,-30.57,,19.78,29.19,19.85,48.79,57.41,54.09,41.32,52.58,52.82,47.64,27.09,36.42,41.25,20.49,25.39,32.58,15.52,
85.308838,28.120438,-38.17,,,-63.63,-45.52,-35.12,-12.57,-41.11,-20.17,-27.86,-27.02,,-20.88,-31.82,-13.33,,-21.57,20.44,17.33,,,14.78,16.62,31.99,,15.48,15.56,15.95,17.57,24.78,23.68,,17.12,,,-16.29
85.308838,28.139815,-56.87,,,,,,-51.46,,,-58.28,,-44.22,-54.84,,-46.08,-45.32,,-21.43,-29.94,-33.21,-26.56,-34.73,-22.36,-13.52,-28.86,-21.77,-24.0,-25.7,-33.56,,-17.14,-37.7,-23.81,-32.75,-32.03,-42.6
85.308838,28.159189,,,,,,,,,,,,,,,,,,,,,,,,-42.9,-49.06,,,-43.7,,-22.68,-41.93,,,-49.35,,
85.308838,28.178559,,,,-63.45,-69.34,-52.78,-55.26,-63.07,-47.67,-43.08,,-49.87,-43.24,,-43.44,-59.02,-65.56,-41.33,-40.78,-24.62,-25.45,-30.26,-40.42,-21.27,-17.39,,-30.82,-13.48,-13.47,,-26.59,-53.38,-37.83,-25.38,-20.44,-44.18
85.330811,27.71271,,,,,,-14.39,-13.81,,,,,,,,,,,,,,,,,,,,,,,,,,,,,
85.330811,27.751607,,,,,,,10.47,,,,,,,,,,,,,,,,,,,,,,,,,,,,,
85.330811,27.771051,,,,,,,16.67,,,,,,,,,,,,,,,,,,,,,,,,,,,,,
85.330811,27.790491,,,,,,,20.61,,,,,,,,,,,,,,,,,,,,,,,,,,,,,
85.330811,27.809927,10.77,,,,,,23.36,,,,,,,,,,,,,,,,,,,,,,,,,,,,-10.78,
85.330811,27.82936,,-14.06,-24.51,,,-18.55,15.3,,,,,,,,,14.66,,,,,,,,,10.4,,10.86,11.39,,,,,-18.99,-19.92,-19.99,
85.330811,27.84879,-38.24,,,-23.83,,,,,-21.03,16.03,22.99,,18.41,-14.24,,11.8,,,,-18.22,,,-15.42,,,,17.34,13.68,,,,-13.89,-37.78,-44.27,,
85.330811,27.868216,-46.53,,,-31.71,-25.38,,,,-17.88,12.03,11.44,,,-23.04,-16.82,-11.4,-27.67,-13.87,-19.44,-31.83,,,-17.28,,,-24.17,,,-15.43,-25.56,-10.7,-26.75,-35.38,-33.87,,-30.27
85.330811,27.887639,-37.76,,-24.87,-18.25,,-39.04,-10.47,,,,-10.67,15.62,,,,,,-54.26,-34.2,,,-11.25,-26.54,,,-17.11,-10.64,-13.0,-13.42,,,-17.27,,11.45,-22.38,
85.330811,27.907058,,,-17.92,,14.57,-27.32,,,,,,,13.87,,,,,,-46.45,,,,,,,,,,-11.96,,,-23.81,,,,
85.330811,27.926474,-64.69,,-25.1,-19.67,,-20.79,,,,,-45.25,,,,,,,,-52.26,-22.45,,,-25.97,,,,,,-22.0,,-13.56,-22.54,-17.15,,-32.01,
85.330811,27.945886,,,-26.83,-12.38,,-21.53,,,-12.63,,,,,-17.32,-23.53,-21.85,,,,,,,,,-12.7,,-12.27,-12.0,,,-11.75,,,-14.03,,
85.330811,27.965294,,,,,,,,,,,,,,,,,,,,,,11.65,,,,,,,,,,,,20.84,,
85.330811,28.101058,,,,,,,,,,,,,,,,-51.12,,,,,,,,,,,,-33.06,-42.94,-34.88,-41.37,-48.26,-38.34,-34.18,-44.89,-30.32
85.330811,28.120438,,,,,,,,,,,,,-35.68,,,,,,,,,,,,-12.93,,27.67,,,,,-18.87,,-15.56,,
85.330811,28.139815,,,,,,,,,,,,,,,,,,-44.41,-48.5,,,-45.96,,-41.44,,,,-41.22,,-44.22,-39.87,,,-49.88,,
85.330811,28.159189,,,,,,,,,,,,,,,,,,,-83.3,,-79.43,,,-78.6,-85.05,,-82.01,-79.35,,,-74.68,,,-78.42,,
85.352783,27.771051,,,,,,,15.05,,,,,,,,,,,,,,,,,,,,,,,,,,,,,
85.352783,27.790491,,,,,,,16.74,,,,,,,,,,,,,,,,,,,,,,,,,,,,,
85.352783,27.809927,,,,1932.22,,,,,,,,,,,,,,,,,,,,,,,,,,,,,,,,
85.352783,27.82936,,78.46,59.02,,,81.75,37.47,62.04,,,46.05,13.86,30.56,52.53,64.93,31.52,104.66,52.86,22.31,29.1,60.21,77.53,92.91,100.49,27.58,79.1,113.1,20.2,91.52,11.52,,34.42,,14.5,,
85.352783,27.84879,,,,-31.88,,,,17.06,-21.99,24.54,12.7,,16.95,,,10.92,,,,,24.78,10.96,30.75,12.65,,,17.33,,,,-13.04,,,,,-20.48
85.352783,27.868216,-51.82,,,-39.98,,,-11.74,,-28.26,,-16.64,,,,-23.36,-22.64,,-15.65,-15.52,-21.89,11.06,,,,,,-17.09,-19.64,-15.97,-17.45,-28.5,,-46.27,-26.93,,-36.9
85.352783,27.887639,,,,-25.19,,,,,,-18.12,,,,,-13.92,-16.5,,,,,,-11.34,,,,,,-18.47,,,-26.28,,,,,
85.352783,27.907058,,,-13.8,,,-11.1,,-10.94,,,,12.93,,,,,,,-48.81,-24.35,,,-10.12,,,,,,-29.42,,,-13.08,,,-25.49,-10.93
85.352783,27.926474,-54.69,,-14.46,,10.97,,,-17.05,,,-41.73,,,,,,,-70.88,-62.23,-21.35,,,-15.77,,,,,,-26.79,,-16.72,-26.77,,,-34.77,
85.352783,27.945886,,,-28.06,,,,,,,22.8,,,,,-13.35,-13.16,,,,,,,,,-15.47,,,,,-12.44,-10.44,,-13.23,-14.17,,
85.374756,27.771051,,,,,,,12.4,,,,,,,,,,,,,,,,,,,,,,,,,,,,,
85.374756,27.790491,,,,,,,17.58,,,,,,,,,,,,,,,,,,,,,,,,,,,,,
85.374756,27.82936,37.51,,,,,,,21.3,11.8,42.83,20.96,17.05,,,,,,,,,,,,,,,,27.31,,,,12.55,13.82,,,
85.374756,27.84879,,,,,,,,,,-10.51,,,,,,,,,,,,12.0,,16.61,,,,,,,,,,,,
85.374756,27.868216,,,,,,,-24.71,,,-15.68,,-14.92,-15.14,,-20.0,-28.06,,,-26.44,,-19.54,,,,,,-25.83,-30.48,,-17.8,-14.41,,-15.28,-26.15,,-28.61
85.374756,27.907058,,,,,,,15.76,,,,,,,,,,,,,,,,-10.72,,,,,-16.77,,-14.63,-14.12,,,,,
85.374756,27.926474,-46.74,-57.43,,10.3,,,,-19.24,,,-48.01,-15.18,,,,,,-53.61,-49.3,-24.34,,,,,,12.68,,-25.58,-36.75,,-11.96,-13.51,-12.25,,-22.57,
85.374756,27.945886,,,,,,18.97,,,12.56,,,,-13.51,,14.01,,,,-41.53,,,,,,,,,,,,-26.76,-17.57,,,,
85.374756,28.256005,,,,,,,,,,,,,,,,,,,-91.97,,,,,,,,,,,,,,,,,
85.396729,27.71271,,,,,,,12.27,,,,,,,,,,,,,,,,,,,,,,,,,,,,,
85.396729,27.751607,,,,,,,10.31,,,,,,,,,,,,,,,,,,,,,,,,,,,,,
85.396729,27.771051,,,,,,,12.18,,,,,,,,,,,,,,,,,,,,,,,,,,,,,
85.396729,27.809927,,,,637.79,,,,,,112.92,,107.94,536.65,,,,,,,,,,,,,,,,,,,,,,,
85.396729,27.84879,-15.52,,,,,,,,,28.77,,,,,19.39,12.73,,,-18.7,,11.74,25.83,,,,,,,,,,,,,,
85.396729,27.868216,,,,,,,,,,,,,,,,-11.3,,,,,,17.96,,,-11.7,,,,,,,,,,,
85.396729,27.907058,-27.33,-11.38,,16.93,,-12.82,21.86,-13.37,10.44,,,-13.42,,,-14.28,,,,-40.49,,-13.45,-21.91,-18.11,-19.52,,,-16.36,-42.11,,-28.77,-14.4,,-17.49,,,
85.396729,27.926474,-59.65,,,11.81,11.06,,13.7,-11.21,20.66,13.02,-33.71,-21.91,,-12.15,-10.18,-16.76,,,-41.68,-39.61,,-14.53,-24.46,,,-21.31,-16.91,-15.63,-28.59,-20.55,-18.41,-18.77,-25.05,-12.23,-23.4,
85.396729,27.945886,-52.71,-48.11,,,,,18.23,,13.0,,-34.69,-12.14,,-12.35,-11.33,-11.01,,-61.07,-36.82,-38.34,,,,-12.55,,,,,-17.74,-16.94,-28.68,-32.44,-26.54,,-12.2,-20.6
85.396729,27.965294,,,-15.86,,19.88,,,,18.26,20.29,,-11.65,11.83,-22.69,17.53,,,,-47.59,,-12.83,-11.49,-14.87,,15.41,,14.17,22.4,,,,-16.1,,14.2,,
85.418701,27.71271,,,,,,,14.2,,,,,,,,,,,,,,,,,,,,,,,,,,,,,
85.418701,27.73216,,,,,,,13.42,,,,,,,,,,,,,,,,,,,,,,,,,,,,,
85.418701,27.751607,,,,,,,11.45,,,,,,,,,,,,,,,,,,,,,,,,,,,,,
85.418701,27.771051,,,,,,,11.05,,,,,,,,,,,,,,,,,,,,,,,,,,,,,
85.418701,27.790491,,,,,,,10.05,,,,,,,,,,,,,,14.83,,,,,,,11.86,,,,-11.54,,,,
85.418701,27.809927,,,18.25,,57.62,19.23,28.4,,,-11.95,,,,27.08,47.4,32.7,,,27.35,55.84,37.54,14.71,,24.21,28.92,30.65,17.01,24.09,39.03,,,,23.74,20.44,23.86,31.11
85.418701,27.84879,-36.88,,,,,,,,,,,,13.85,,26.02,,,,-20.66,,18.03,27.62,,,10.5,,10.26,-14.78,,,,,,,,
85.418701,27.907058,,,,15.64,,17.5,16.79,,38.62,,,,,,34.86,11.32,,,,,,12.88,,11.89,,,,,,,-13.99,,,-11.97,,
85.418701,27.926474,,,-12.16,,,,,,26.28,,,,-12.06,,,-10.48,,,,,,-16.78,,-13.46,,,,,,,-21.68,,,-16.15,,10.34
85.418701,27.965294,,,,,,,,,31.85,10.45,,,,,,,,,,,,,,,,,,,,,-14.43,,,,,16.89
85.440674,27.71271,,,,,,,16.75,,,,,,,,,,,,,,,,,,,,,,,,,,,,,
85.440674,27.73216,,,,,,,14.97,,,,,,,,,,,,,,,,,,,,,,,,,,,,,
85.440674,27.751607,,,,,,,16.58,,,,,,,,,,,,,,,,,,,,,,,,,,,,,
85.440674,27.771051,,12.78,,,,,14.65,,,,,,,,,,,,,,,,,,,,,13.12,,,,,,,,
85.440674,27.790491,,,,,,,12.02,,,,,,,,,,,,,,,,,,,,,,,,,-10.56,,,35.51,11.18
85.440674,27.82936,,,,-12.86,,,,,,-29.94,,,,,12.05,,,,,,13.93,,,,,,,-22.6,-11.58,-24.56,-41.17,,,,,
85.440674,27.84879,,,,,,,,,,,,,27.11,,,23.06,,,-14.87,,,43.39,,,27.87,,,,,,,,,,,
85.440674,27.9847,,,55.11,,,,12.01,,,51.74,,46.94,,,,,,,,,,,,13.5,,,,60.37,,,,,,,,33.95
85.462646,27.71271,,,,,,,13.25,,,,,,,,,,,,,,,,,,,,,,,,,,,,,
85.462646,27.751607,11.56,,,,,,16.13,,,,,,,,,,,,,,,,,,,,,,,,,,,,,
85.462646,27.771051,11.44,,,,,,14.94,,,,,,,,,,,,,,,,,,,,,,,,,,,,,
85.462646,27.809927,,,,,,,-29.38,,,-25.87,,-17.5,,,,12.57,,,,,,,,,,,22.25,23.96,16.69,25.18,,,-21.31,-24.97,,
85.462646,27.82936,19.14,,13.63,,,10.64,,,,,,11.05,,,,12.84,,,,,,14.34,,,,,,,,,,,,,,
85.462646,27.84879,10.37,,,,,,,,,,,,,,,21.12,,,,,,,,,,,,,,,,,,,,
85.462646,27.926474,,,,,,,,,,,,,,,,,,,,,,12.39,,,,,,,,,,,,,,
85.484619,27.71271,,,,,,,12.53,,,,,,,,,,,,,,,,,,,,,,,,,,,,,
85.484619,27.73216,,,,,,,14.47,,,,,,,,,,,,,,,,,,,,,,,,,,,,,
85.484619,27.751607,,,,,,,13.49,,,,,,,,,,,,,,,,,,,,,,-10.82,,,,,,,
85.484619,27.771051,10.76,,11.6,,,,,,,,,,,,,,,,,-10.36,,,,,,,,,-12.16,,,-10.21,,,-10.32,
85.484619,27.790491,,,,,,,12.62,-16.25,,17.51,,,15.42,,,,,,,,,,,10.4,,,,,-18.78,-16.54,-10.46,-13.91,,,-13.79,
85.484619,27.809927,10.95,10.89,34.92,21.98,32.72,,,-15.43,-32.63,11.87,,,,11.14,,,,,,,,,15.21,,,,13.75,,,,-12.11,-24.77,-15.62,,19.44,
85.484619,27.82936,,,42.89,28.44,21.98,,11.79,16.57,13.47,28.97,,33.56,10.7,,-14.39,,,,13.52,,18.14,,,,,-12.2,,,,16.57,,,,10.9,,
85.506592,27.71271,,,,,,,13.1,,,,,,,,,,,,,,,,,,,-10.85,,,,,,,,,,
85.506592,27.73216,,,,,,,14.04,,,,,,,,,,,,,,,,,,,,,,-10.35,,,,,,,
85.506592,27.751607,,,,,,,,,,,,,,,,,,,,,,-10.11,,,,,,,,,,,,,-11.28,
85.506592,27.771051,,,,,,-12.82,,-15.66,,,,-21.57,-17.39,,-13.0,,-15.48,,,-14.44,,,-19.98,,,-14.22,,,-15.11,-22.29,-16.02,-13.09,,,-17.63,-12.63
85.506592,27.790491,15.37,,12.89,12.32,,-10.45,12.48,,,,,,10.57,12.96,,,,22.82,,,,,,,,,,,-15.43,-17.33,-11.91,-19.25,-10.05,,,
85.506592,27.809927,,,17.67,,,-18.2,,-15.18,-16.74,,,-15.38,,,-19.63,,,,,,,,11.25,,,,,,,-24.36,,,-11.68,-13.41,,-13.11
85.506592,27.84879,,,20.43,17.48,,10.07,,,,,,,,,,,,,,,,,,,,,,-11.41,,,,,,,,
85.506592,27.868216,,,,11.19,,,17.49,,,,,,30.74,,,25.11,,,,,,13.0,,,15.25,,,17.67,,,,,,,,
85.506592,27.887639,18.57,,21.17,19.19,,,34.24,,11.54,,,16.59,,,,,,-16.76,,,,,,,,21.19,,11.23,,-17.58,,,,-10.77,,
85.506592,27.926474,,,,24.9,,,,,,,,,38.41,,,,,,,,,,,,,,,,,,16.49,,,,,
85.528564,27.71271,,10.38,,,-13.74,-14.27,12.97,,,-16.62,,-11.25,,,,,,,,,12.49,,,,-15.34,-23.07,-11.78,,-18.03,-15.0,-12.2,-16.77,,,-10.96,
85.528564,27.73216,10.91,,,,-15.81,-18.36,18.87,,,-16.18,,-10.32,,-12.18,-13.82,,-12.88,-13.04,-11.72,,,,,,-16.58,-19.51,-15.77,,-14.35,,,,,,-13.96,-12.57
85.528564,27.751607,,,,,,-15.23,,,,-11.13,,-14.32,,,-11.44,,-15.83,,,-11.63,,,,,,-14.47,,,-11.33,,,,,,-14.13,
85.528564,27.771051,,,,,,,12.6,,,,-13.42,-20.67,,,-13.02,,-25.18,,,-18.38,,,-12.02,,,-16.63,,,-14.24,,,,,,-16.79,
85.528564,27.790491,19.57,,10.77,,,-13.94,15.26,,,14.32,,,,,,,-15.45,,,,11.41,,-12.65,,,-13.31,,,-13.45,,,-15.06,,,-10.45,
85.528564,27.809927,,-10.65,,,-13.55,-10.65,,,,10.7,,,,,,,,,15.23,,,,-12.43,,,,-11.16,,-22.04,,,-13.6,,,,-11.88
85.528564,27.82936,15.09,,17.48,11.77,10.14,,,,,,,,,,,,,22.12,17.16,,,,,10.3,,,,,,-10.91,,,,,,
85.528564,27.84879,,11.56,11.68,,,-13.17,,,,,,-13.52,-10.08,,,10.43,,,12.81,,,,,-12.91,,,,,,,,,,,,
85.528564,27.868216,18.73,,19.45,12.25,17.01,,,-10.76,16.97,,-31.0,,13.15,,,13.38,,12.62,12.43,,10.36,,,,,,,15.04,-15.39,,,,,,,
85.528564,27.887639,21.55,29.4,28.49,26.05,,,12.83,,21.83,12.43,-42.91,24.44,12.4,10.97,,15.02,,10.14,11.64,,13.75,15.47,,16.88,,,10.06,,-27.21,-10.96,,,11.67,,,13.15
85.528564,27.907058,19.54,17.24,16.29,13.14,,,16.23,10.11,16.27,,-30.48,15.53,,,,,-37.83,,,-23.78,,,,,,-19.54,,-14.27,,,-10.88,-13.01,,,-16.56,
85.528564,27.926474,10.23,,17.61,10.2,,,,31.9,16.35,13.14,-26.09,,35.32,24.62,32.44,,,,,-19.0,,,,17.36,,-13.65,,-13.6,,,,-25.59,-17.97,11.86,,
85.528564,27.945886,,,13.08,,,,,,,-15.53,,,20.23,,14.18,,,,,,19.77,,,24.52,37.52,,,,,,,,,,,
85.550537,27.71271,,12.75,14.99,,,,13.25,,,,-10.72,-10.42,,,,,,,,,,,,,-16.43,-22.23,,,-21.61,,,-12.39,-10.6,,,-11.64
85.550537,27.73216,,,14.47,,,-12.69,16.45,,,,,-14.71,,,,,,,,,,,,,,,,,,,,,,,-12.94,-11.02
85.550537,27.751607,,,16.52,10.67,-10.94,,17.34,,,,,,,,,-10.86,-23.6,,,,,,,,,-11.52,,,-13.2,,,,,,-16.09,-11.89
85.550537,27.771051,16.11,,13.89,,,,19.2,,10.3,,,,,,,,-13.05,,14.92,,,,,,,,,,,,,,,,-13.2,
85.550537,27.790491,12.32,,18.84,19.0,,,20.05,,,16.1,,,,,,,-11.98,,11.65,,,,-14.63,,,,,,-13.99,14.22,,,,,,
85.550537,27.809927,,,10.41,,,,,,,13.02,,16.91,13.74,14.13,,,,,16.37,,,,,13.8,,-12.08,,,-11.0,,10.37,,,,-12.27,
85.550537,27.82936,,,,,,-18.7,,,,,,,,,,,,,12.29,-17.12,,,,11.55,,,,,,,,,,,-16.25,-10.05
85.550537,27.84879,10.83,,,,,-17.82,,,,,,,,-12.58,,,-12.79,,,-16.63,,,,,-10.32,-23.47,,,-18.88,,,-15.65,,,,
85.550537,27.868216,,,,,,-17.66,,,,,-32.81,,,-16.91,,,-24.46,,,-20.43,,,-17.42,,-11.35,-18.63,,,-26.64,,,-16.68,,,-15.41,
85.550537,27.887639,17.43,10.74,11.12,,16.2,,,,10.87,,-21.37,,,,,,,11.03,,,15.0,13.26,,11.42,,,,,-19.29,-11.1,,-10.02,,,,
85.550537,27.907058,18.58,12.36,11.63,,,,17.11,,11.25,,-37.65,,,,,,-41.8,,,-27.93,,,,,,-17.91,,,,,,,,,,
85.550537,27.926474,,,,,,-10.81,-13.32,,,,-19.86,,,,,-12.05,-30.67,-17.61,,-15.28,,,,,-10.21,-22.98,-22.79,-29.37,-29.26,-15.23,-20.56,-23.54,-27.18,-18.66,-22.4,
85.550537,27.945886,,,,10.33,,-17.16,-22.88,,,,,,,,,,,,,,,,,,,,-17.03,-34.48,,,-12.52,,-12.27,,,
85.57251,27.71271,12.01,,11.85,,,,14.05,,,,,,,,10.84,,-25.52,,,-19.2,,,,,,-15.32,,,,,,,,,,
85.57251,27.73216,11.44,,13.88,12.88,,,19.05,10.87,16.74,15.79,,11.48,,,,,-25.63,,,-16.99,,,,,,-13.85,,10.45,,,12.48,,,,,
85.57251,27.751607,14.15,,17.23,12.22,,,23.87,,16.16,19.34,,10.82,,,,,-22.63,,,,12.12,,,,10.53,,,10.03,,,,,,,,
85.57251,27.771051,14.81,17.63,23.49,20.22,16.03,11.67,40.19,17.83,19.55,15.63,,15.58,,,,,,,,,10.77,,,,,,14.34,,,,,,,,,
85.57251,27.790491,24.53,15.61,20.43,15.49,14.52,,22.65,17.91,16.56,13.61,,28.39,24.99,16.67,,15.77,-10.64,10.26,18.74,,,,15.22,12.82,,,,17.63,,11.37,,,12.6,11.72,,12.61
85.57251,27.809927,12.54,,,,,,17.94,10.46,,15.64,-12.2,12.33,16.7,,,,,,13.57,,,,,,,,,,,,,,,,,
85.57251,27.82936,10.11,,,,,-12.66,,,,,,,10.29,,,,,,,,,,,,,,,,,,,-10.68,,,,
85.57251,27.84879,10.31,,,,,,,,,,,,,,,,,,,-13.38,,,,,,-10.45,,,,,,-14.27,,,,
85.57251,27.868216,,,,,,-17.91,,,11.41,,-24.79,,22.18,,16.46,12.18,,13.85,,,,,-17.32,,,-27.13,,,,,,-15.32,,,-16.02,
85.57251,27.887639,,,,,,,,,22.79,,,,11.53,,,,,10.3,,-11.32,,,,,,-26.47,,,-25.98,,,,,,,
85.57251,27.907058,12.18,,35.93,,,,11.39,,24.21,,,,14.26,,,,,26.73,,,21.79,,,18.1,,,,,,14.05,,,,,,10.13
85.57251,27.926474,,,,35.13,,,21.5,,,,,,,,,,,,,,,,,,-11.89,,,-11.51,,,,,,,,
85.57251,28.217289,,,,37.02,119.02,89.91,11.33,12.13,10.68,13.29,,32.35,19.0,24.57,,16.92,,-13.24,-28.97,,-14.66,,,,-29.21,,,-29.74,-29.18,-36.28,-18.38,,,-28.88,,
85.594482,27.71271,,,,,,,21.32,,19.03,,,,,,,,-28.91,,,-24.91,,,,,,-30.92,,,,,,-14.42,,,,
85.594482,27.73216,12.15,,,,-12.99,,17.56,,19.01,,-10.74,,,,,,-28.28,,,-21.28,,,,,,-20.31,,,,,11.41,,,,,
85.594482,27.751607,,,11.08,,,,28.45,25.26,19.95,17.25,,17.64,12.81,12.83,15.12,13.23,-21.63,,,,,,,16.36,19.48,,10.61,15.26,,,21.78,,14.7,10.94,,
85.594482,27.771051,13.26,13.5,15.72,12.94,,,20.98,10.8,,,-28.45,,,,,10.48,-38.35,,,,,,,,,,19.39,10.38,,,16.86,,10.53,,,
85.594482,27.790491,21.9,,24.85,,,,22.77,15.15,14.63,15.25,-34.61,23.87,20.14,,,,-32.17,,10.37,,,,,,11.99,,10.53,,,,,,,11.55,-13.54,
85.594482,27.809927,15.55,,10.22,,-14.89,,29.74,23.61,10.39,16.3,-40.83,13.33,20.95,,,,-32.72,,11.06,-11.0,,10.32,,,,-12.62,,11.05,,,,,,10.12,-14.74,
85.594482,27.82936,10.67,11.6,,,-20.27,,12.68,,,,-22.44,11.9,15.93,,,,-13.42,,11.5,-10.73,,,,,11.97,-23.17,,,,,12.08,-18.64,,,-11.1,
85.594482,27.84879,15.24,10.43,13.32,,-14.46,,22.04,,12.96,20.67,,12.98,,17.64,,,,,18.46,-12.75,,12.92,,,12.65,-21.82,,,,,17.73,-10.55,,11.51,-13.83,
85.594482,27.868216,,11.11,,,,-24.22,,12.57,15.6,,,13.64,,,,,-11.4,,,-16.67,,,-15.35,,-12.24,-33.66,,-10.12,-22.69,,11.26,-23.43,,,-27.22,
85.594482,27.887639,,,,,-11.0,-23.66,-13.35,,11.37,,,,,,16.77,11.31,,10.59,-13.85,,,,-22.08,-19.23,,-16.4,,,,,12.97,,,,,
85.616455,27.71271,,,,,,,,,,,-11.52,,,,,,-21.56,,,-18.68,,,,,,-20.19,,,,,,-14.03,,-10.13,,
85.616455,27.73216,,,,,-17.66,,11.15,,,,-24.33,,,,,,-26.28,,,-21.58,,,,,,-31.46,,,,,,-12.26,,-11.54,-12.43,
85.616455,27.751607,,,,,-16.96,,18.39,,,,-38.02,,,,,,-40.22,,,,,,,,10.61,-29.73,,,,,,,,,,
85.616455,27.771051,20.59,,13.49,,-12.47,,17.63,,,,-53.72,,,,,,-55.31,,,-13.09,,,,,10.03,-10.52,19.92,10.9,23.05,27.16,,,,,,
85.616455,27.790491,10.98,,21.71,,-29.29,,17.75,32.18,23.51,19.35,,12.42,11.23,,,,,,,-22.63,,13.02,,,,-16.78,12.38,,-12.12,,,-11.87,,,-16.28,
85.616455,27.809927,,,,,-28.38,-17.03,22.11,24.56,14.17,18.59,-53.77,11.9,,10.46,10.66,,-54.25,-16.79,,-25.8,,13.42,,,17.06,-26.39,,,-18.03,,,,,,-11.3,
85.616455,27.82936,14.24,24.51,15.98,,,,22.2,23.82,14.61,22.89,,16.2,12.57,,21.18,,-18.94,,,-10.89,,,,,,,,,,,19.13,,,10.78,-19.97,
85.616455,27.84879,,,15.72,-12.68,,,49.07,,15.39,17.37,,11.37,,,,,,,10.67,,18.38,,,-11.63,,,-12.06,,,13.66,,,,,,
85.616455,27.868216,,,,,,-15.25,,-10.55,,,,11.95,,,,,,,,-19.21,,,-18.85,-12.26,-13.37,,-12.6,,,,,,,-11.17,,
85.616455,27.887639,,-17.13,,,-22.52,-31.89,-13.8,,-13.42,,-12.83,,,,,11.61,,20.22,16.36,-20.24,16.71,,,,,-24.56,,,-19.72,,,-11.33,,,-14.09,
85.616455,27.907058,,,21.98,16.5,,-10.28,,12.28,,,,,14.07,,,,,25.06,,,,,-10.97,20.7,21.65,,,,,,13.38,,,,,13.47
85.616455,27.926474,,,,21.4,,,,,,,,,,,14.98,,,,,,,,,,17.39,,,,,,,,,,,
85.638428,27.71271,12.74,,10.34,,,,22.83,19.43,17.65,13.09,,,,,,,-14.18,14.17,,-17.03,,,,,,-14.1,,,-11.7,,,,,,-13.36,
85.638428,27.73216,,,,,-38.3,-16.7,20.11,15.67,,,-41.34,-10.96,,,,,-38.8,,,-28.53,,,,,,-36.01,,,-11.64,,,-15.53,,,,
85.638428,27.751607,,,,,-18.83,-11.49,15.22,,,,,-14.0,-14.31,,,,,,,,,,,,,,,,,,,-12.95,,,,
85.638428,27.771051,22.68,,29.18,27.96,,-14.98,34.73,,,-14.09,,-13.34,-13.37,23.17,20.21,-10.2,,,,,,17.17,,,20.0,,12.04,,,14.06,,,,10.88,,10.89
85.638428,27.790491,14.03,,,10.7,,-16.68,20.95,,,-10.4,,,,,,,,,18.47,,,,,,,,,,,,,,-12.6,,,
85.638428,27.809927,,,,,,-15.6,18.65,13.19,,,,,,13.64,13.57,,,-18.06,,,,25.11,,,,,11.77,13.15,,10.9,,,,15.9,,
85.638428,27.82936,,,,,,,18.24,,,,,,,,,,,,,,,18.84,,,,,,,,,,,,,,
85.638428,27.868216,,,,14.4,,,11.65,,,,,,,,,,,,,,,,,,11.74,,,,,,,,,,,
85.638428,27.887639,,,,,,-27.56,,,35.04,13.8,,20.46,23.28,,13.14,,,,15.62,,20.21,,,,10.65,,,,,,,,,,,
85.638428,27.907058,15.02,,22.81,,-16.33,-21.9,,24.09,35.02,14.97,14.74,29.1,23.18,,12.84,14.48,,21.61,18.36,,21.96,10.49,,,17.87,-15.89,,,-25.62,,,,,,-15.05,
85.638428,27.926474,25.61,,73.26,39.22,,16.59,19.23,,52.71,45.25,,41.43,52.53,,37.57,26.84,,,16.07,,66.0,,,45.94,44.83,,20.74,13.4,,21.59,14.36,,,32.69,,12.74
85.638428,27.945886,,,14.3,,,,15.68,30.89,30.17,30.9,21.57,41.6,43.53,46.28,33.43,26.13,23.55,31.3,16.84,,20.8,,,28.6,22.69,10.73,,14.61,,19.42,12.22,,,17.46,-14.11,13.13
85.638428,27.965294,,-21.5,,-13.92,-17.2,,14.64,58.84,36.04,38.23,52.25,60.5,64.66,62.79,63.75,49.35,28.37,33.86,28.04,46.62,46.56,18.19,,42.44,29.63,22.27,20.27,24.32,18.05,27.14,24.53,17.48,23.44,23.14,,27.35
85.638428,27.9847,24.65,,,,,,54.77,,,54.55,,,40.87,,,29.37,,,19.03,,,,,,19.15,,,,,,20.34,,,,,
85.6604,27.71271,23.79,24.87,22.68,14.91,10.6,17.24,38.13,32.57,25.25,22.14,10.34,,14.06,18.76,20.38,17.05,,21.4,18.88,,,13.14,,,,-15.83,13.94,,-17.26,,,-13.58,,-19.9,-24.62,
85.6604,27.73216,-13.54,-10.22,,,-22.82,,13.69,,,,,-20.81,,-11.31,,,,,,-31.33,,,,,,-33.2,,,-21.03,-15.6,,-33.47,,,-20.74,
85.6604,27.751607,,,,,,,,,,,,-14.04,,,,-10.37,,,,,,,,,17.94,,,,,-12.83,,,,,,
85.6604,27.771051,13.42,,11.12,10.48,,-12.5,15.37,,,,,17.98,,,,-10.93,,10.73,11.84,,,12.2,,,10.59,,,,,10.27,,,,19.87,,
85.6604,27.790491,17.25,,10.42,,,,,,,-14.5,,,,,-12.48,,,13.45,,,,15.51,,,16.35,,,,,21.34,,,,,,
85.6604,27.809927,,,21.82,,,,-17.62,,,,,,,,,-20.57,,,,,,15.27,,,-11.3,,,,,11.96,,,,,,15.8
85.6604,27.82936,,,,21.37,,,,,,,,,,,,,,,,,,,,,,,,,,,,,,,,
85.6604,27.887639,14.06,,18.89,18.16,,-15.15,11.36,49.71,34.12,12.14,35.22,39.79,38.48,,27.05,21.62,12.84,-10.66,16.58,,27.73,12.08,-19.22,26.98,36.31,,,,-17.83,,-19.32,-22.04,,,-31.99,
85.6604,27.907058,44.49,,36.57,,10.9,-16.86,11.78,,41.51,21.72,24.81,36.65,27.02,10.53,58.9,19.34,15.89,,16.49,,20.26,16.76,,22.39,20.65,,10.18,,,10.58,,,10.28,14.02,-12.18,36.75
85.6604,27.926474,,-17.22,,,,,28.0,30.93,27.64,26.36,15.35,30.63,18.08,17.3,32.37,15.43,,,,,,,-16.43,,-10.35,-27.53,,,-10.03,,,-14.23,,,-12.24,
85.6604,27.945886,,-17.57,,,,,22.51,39.58,40.31,21.67,19.26,28.08,14.41,36.79,34.41,,,,,-15.63,,,-10.98,,,,,,,,,10.35,,,,
85.6604,27.965294,17.38,,16.6,,,,37.21,46.76,42.73,59.43,34.56,53.08,53.34,47.62,56.03,34.13,,,10.73,16.12,18.55,,,26.06,16.53,,,10.8,,,14.83,16.02,22.65,19.47,11.64,18.42
85.6604,27.9847,113.17,73.7,52.78,56.02,13.68,23.66,162.91,248.96,214.96,89.05,70.35,53.09,33.04,40.77,44.58,45.62,45.75,13.64,18.91,43.23,35.38,11.98,27.96,63.57,37.04,47.8,,,12.35,,16.94,48.59,22.81,12.99,17.63,36.57
85.682373,27.71271,20.81,30.18,24.63,14.41,28.76,,38.13,,19.64,12.47,,,14.07,,10.62,18.23,-14.24,18.32,20.13,,,,,,16.93,-10.7,32.38,26.44,-21.04,,,,14.22,,-20.88,
85.682373,27.73216,,,11.21,,,,,,,,,,,,,,,,,,10.68,,,,,,,,,,,,,,,
85.682373,27.751607,,,,,,,16.17,,,,,,,,,,-12.03,,,,,,-14.13,,11.44,-17.51,,,-14.32,,,,,,,
85.682373,27.771051,,,,,-14.62,,,-17.54,,,,,,,,,,,,,,,,,,-10.82,,,,,,,,,,
85.682373,27.790491,,,,,-18.15,,,-14.12,,,-11.26,12.68,,,,,,,,11.28,,,-10.21,,,-11.42,,,,,,,,,,
85.682373,27.809927,,,,,-12.37,,-14.56,-20.0,,,-16.49,,,,,,,,,16.02,,,,,,,,-12.93,,,-12.51,,13.11,21.36,,17.32
85.682373,27.926474,,,31.82,,,,28.17,57.34,76.85,36.54,,,36.47,,,52.13,23.0,19.58,12.62,,16.17,,21.7,36.62,,,,,12.71,15.55,22.21,,,,,31.34
85.682373,27.9847,,,,,,,280.4,,,,,,22.74,,,,,,,,,,,,,,,,,,,,,,,
85.704346,27.71271,22.38,15.02,17.73,,37.54,,23.44,,,10.24,,13.3,,,,,,10.36,18.49,-14.15,16.68,,,,11.9,,,22.99,-13.75,,,,,,-13.32,
85.704346,27.73216,15.22,40.09,,14.16,31.17,12.81,23.07,,16.9,,,,,,,,-16.88,,,-14.96,,,-44.71,,13.56,-23.48,,,-13.55,18.13,,,,,,
85.704346,27.751607,,18.61,,,,,10.72,,,,,,,,,,,,,,,,-13.05,,,-12.62,,,,,,,,,,
85.704346,27.771051,,,,,-19.17,-15.52,,,,,,,,,,,,,,,,,,,,-13.2,,,,,,,,,,
85.704346,27.790491,,,,,-15.04,,,,,,,,,,,,,,,,,,,,,,,,,,,,,11.41,,
85.704346,27.809927,,,,,,,,,,,,,,-15.21,,,,,,12.98,,,,,-14.26,,,,,,,,13.91,18.38,,12.6
85.726318,27.71271,34.74,18.23,13.45,,20.16,,20.47,,,,-10.65,,,,15.76,11.47,,,28.43,,14.63,32.12,,,16.81,,10.4,,-14.11,,,-13.61,,,,
85.726318,27.73216,18.73,23.82,16.45,13.14,24.37,,19.79,,19.35,18.36,,,14.61,,,,,,,,,,-40.17,-14.01,13.84,-13.65,,10.62,-15.37,10.1,,,,,,
85.726318,27.751607,10.39,14.46,11.92,,,,,,13.12,15.02,,,10.47,,,,,,,,,,-30.64,,15.52,-11.59,,,,,,,,,,
85.726318,27.771051,,,,,,,,,,,,,10.17,,,,,,,,,,,,,,,,,,,,,11.82,,
85.726318,27.790491,,,,,-11.87,,,-11.28,,,,,,,,,,,,,,,,,,,,,,,,,,,-11.7,
85.726318,27.809927,,,,16.37,10.33,,11.73,-13.61,,13.32,,,,-17.38,,11.46,,,,,,,,,,,,,10.58,10.53,,,,,-18.1,
85.748291,27.71271,23.41,19.45,12.37,,11.77,-11.18,,-28.75,-26.87,-19.67,-35.82,-24.57,,,,,,,14.43,,14.62,,-32.88,-11.8,,-13.61,,-13.45,-48.21,-36.87,-22.85,-41.86,-32.1,-13.59,-18.26,
85.748291,27.73216,15.07,12.28,14.33,14.27,19.53,,20.37,,13.15,,-10.8,,,,,14.22,,,,,,,-38.32,-19.41,19.25,,,,-35.08,,,-15.59,-10.32,,-18.23,13.73
85.748291,27.751607,20.75,14.56,21.24,14.66,,11.89,18.74,,17.0,17.51,,,10.22,,13.48,19.08,,10.73,,,,,-28.66,,10.3,,,11.39,,,,,,11.62,,
85.748291,27.771051,14.3,,,,,,,,,,,,,,,,,,,10.19,,,,,,,,,,,,,,,,
85.748291,27.790491,14.82,,,,-13.84,11.06,,-11.61,,,,,,-12.12,,,,,,,,,,,,,10.44,,,,12.24,,,,,
85.748291,27.809927,12.61,,11.33,,,,,,16.87,22.77,29.03,,15.61,,,,,,20.58,,18.76,10.77,,,,,15.31,,19.6,29.27,22.76,30.38,12.97,,,
85.748291,27.868216,19.16,,,20.93,,,-17.76,,,-10.73,,,,,11.75,,,,,,30.61,29.67,,,18.26,,,,,,,,,,,24.78
85.770264,27.71271,,,,,-20.65,-17.53,-22.62,-55.31,-40.57,-39.1,-60.21,-49.86,-24.1,-46.34,,,-20.12,-14.95,-11.4,-31.96,-10.28,,-39.09,-19.14,-19.29,-48.35,-24.39,-31.43,-64.43,-55.3,-44.72,-57.38,-47.85,-25.49,-46.28,-20.09
85.770264,27.73216,16.19,16.8,14.25,,12.25,,,-18.64,,,-11.94,-10.65,,,,19.81,10.61,13.98,,,,21.91,-25.72,-12.32,,,,,-28.7,-21.41,-20.86,-21.95,-19.1,,-17.36,
85.770264,27.751607,17.97,39.45,19.93,,,,,,,,,,,10.09,10.59,,,,,,,,,,,,,,,-10.27,,,,,,
85.770264,27.771051,20.42,,10.5,16.56,,13.22,,-13.57,,,,,,,10.21,18.01,,,11.23,14.58,14.19,,,,13.11,15.67,19.7,,,16.03,,12.67,,,-21.12,
85.770264,27.790491,19.13,,22.71,21.64,,19.74,12.03,-20.46,,14.04,11.53,,,-14.95,11.66,15.06,,14.37,,,13.22,11.07,,,,,15.98,,,10.42,,,10.93,,-11.67,
85.770264,27.809927,,,21.98,10.44,,15.44,,-29.84,,11.0,,,,,,,,,,-19.35,,,,,,,,,,10.01,,-12.85,,,-19.15,
85.770264,27.82936,14.83,27.04,,13.93,,,,-42.52,-12.55,,,,10.81,,,,,,,,14.72,14.5,,17.87,,,,,,20.45,,,,,,
85.770264,27.84879,,,,25.03,,,,,,,,10.68,,,17.89,,,,-11.09,,,,,17.29,,,,-22.95,,,-17.16,,,,,10.35
85.770264,27.868216,-12.06,,,-26.34,,,,,,,,,13.85,,,,,,-13.03,,,,,,,,,-25.98,,,-11.57,,,,,10.33
85.770264,27.887639,,,,,,,,,,,,,15.29,,16.32,12.0,,,,,,,,23.88,-17.19,,,,,,,,,,,13.82
85.770264,27.907058,11.11,,-10.57,-13.53,,-14.64,16.83,-18.7,,-12.71,-15.56,,41.31,-18.15,,37.79,,,10.4,-10.48,-17.06,,,-10.77,,10.81,,,,,,-17.04,,,10.66,13.9
85.792236,27.71271,,,,,-14.71,-18.13,-14.91,-29.81,-22.44,-19.59,-30.99,-22.25,,-34.29,,,-15.18,,,-15.74,,,-23.28,,,-31.17,-10.07,-24.13,-49.74,-41.26,-23.18,-46.36,-28.52,,-28.12,
85.792236,27.73216,14.82,15.28,11.29,,,-18.71,,-12.98,,,-20.18,-20.7,,,12.8,21.2,,,,-13.85,,,-18.72,,-14.34,-30.97,-20.17,-17.47,-36.59,-18.7,-22.84,-28.75,-15.35,,-23.9,
85.792236,27.751607,,,,,,,,,,,,,,,15.7,16.85,,15.52,,-12.5,10.34,,-12.37,,,-11.52,,,,,,,,15.23,,
85.792236,27.771051,28.26,,24.25,17.57,,15.05,19.11,,15.8,,,,14.19,,,18.13,,19.04,22.4,10.42,23.85,10.65,,,10.82,,18.09,,,15.15,,13.1,,14.51,,
85.792236,27.790491,,,18.44,,-10.79,,,,,,,,11.93,-15.62,,,,19.39,,,,,,,,,,-10.17,,,,11.98,-15.68,,-15.0,-13.36
85.792236,27.809927,,,36.81,24.39,,,,,,15.03,,39.67,15.27,,43.28,,,31.94,,,26.11,,,23.41,,,,,,13.87,12.68,12.48,32.65,,,24.44
85.792236,27.82936,,22.89,17.85,31.86,-16.47,18.37,,,-24.93,,15.96,11.78,15.61,17.2,18.88,17.79,17.45,,,37.46,24.3,13.91,,24.63,15.04,11.57,,,,18.22,-13.97,-18.83,,,,
85.792236,27.926474,,,30.32,,,,,,,,,-11.72,10.83,,,25.88,,,-14.52,,,-23.03,,,,,,-11.21,,,,,,,,-19.98
85.792236,27.945886,-31.89,,,,,-14.7,-15.65,,,,,,,,,-10.44,,,,,,,,,-27.6,,,,,-19.79,-27.26,,-17.51,-13.6,,
85.792236,27.965294,,,18.58,11.34,,17.34,,,,12.17,,21.92,,,,25.53,,,21.0,,,,,,,,,10.74,,,12.48,,,,,
85.814209,27.71271,,,,14.45,,-13.97,,,,,,-10.33,,,,14.62,,12.0,,,,,,,,,-14.19,-21.83,,-14.88,,,-14.4,,,
85.814209,27.73216,12.9,,,,,-17.9,,,,,,-10.91,,,,,,,,-21.47,,,-10.48,,,-14.03,,-10.6,-19.29,,,-15.43,,,-16.24,
85.814209,27.751607,13.95,,10.5,,,,,,,,,,,,,,-21.14,,,-17.89,,,,,,-22.38,,-11.75,-15.5,,-10.11,-20.35,,,-13.2,
85.814209,27.771051,10.71,,11.78,,,,16.57,,22.35,14.87,,,,,,,-11.46,12.6,,-10.74,12.02,,,,,-19.73,18.06,,-13.49,,,,,20.57,,
85.836182,27.71271,21.02,24.18,16.02,24.3,14.6,,23.46,29.91,14.92,,15.84,,19.5,-11.33,13.94,11.51,,10.49,,,24.2,14.42,,,10.08,-16.14,15.19,,,,,-14.06,-10.03,,-10.54,
85.836182,27.73216,15.87,,13.56,,,,11.55,,16.72,10.22,,,14.64,,17.04,,,,,-12.63,,,,,,-20.21,,,-14.67,,,-11.58,,,,
85.836182,27.751607,16.19,12.0,13.64,,,,,12.69,,,,,,,,,,,,-11.1,,,,,,-13.04,,,,,,,,,,
85.836182,27.771051,,,23.04,11.31,,,13.15,,14.0,16.06,15.45,,,,,11.08,,,10.59,,10.63,,,14.42,,-15.44,,,,,,,,,,
